Date,Open,High,Low,Close*,Adj Close**,Volume
,,,,,,
"Oct 01, 2020","3,385.87","3,549.85","3,268.89","3,271.03","3,271.03","79,994,080,000"
"Sep 01, 2020","3,507.44","3,588.11","3,209.45","3,363.00","3,363.00","92,084,120,000"
"Aug 01, 2020","3,288.26","3,514.77","3,284.53","3,500.31","3,500.31","84,402,300,000"
"Jul 01, 2020","3,105.92","3,279.99","3,101.17","3,271.12","3,271.12","97,197,020,000"
"Jun 01, 2020","3,038.78","3,233.13","2,965.66","3,100.29","3,100.29","131,044,000,000"
"May 01, 2020","2,869.09","3,068.67","2,766.64","3,044.31","3,044.31","106,799,100,000"
"Apr 01, 2020","2,498.08","2,954.86","2,447.49","2,912.43","2,912.43","123,163,450,000"
"Mar 01, 2020","2,974.28","3,136.72","2,191.86","2,584.59","2,584.59","161,801,100,000"
"Feb 01, 2020","3,235.66","3,393.52","2,855.84","2,954.22","2,954.22","84,292,270,000"
"Jan 01, 2020","3,244.67","3,337.77","3,214.64","3,225.52","3,225.52","77,104,420,000"
"Dec 01, 2019","3,143.85","3,247.93","3,070.33","3,230.78","3,230.78","72,054,000,000"
"Nov 01, 2019","3,050.72","3,154.26","3,050.72","3,140.98","3,140.98","72,179,920,000"
"Oct 01, 2019","2,983.69","3,050.10","2,855.94","3,037.56","3,037.56","77,564,550,000"
"Sep 01, 2019","2,909.01","3,021.99","2,891.85","2,976.74","2,976.74","73,992,330,000"
"Aug 01, 2019","2,980.32","3,013.59","2,822.12","2,926.46","2,926.46","79,599,440,000"
"Jul 01, 2019","2,971.41","3,027.98","2,952.22","2,980.38","2,980.38","70,349,470,000"
"Jun 01, 2019","2,751.53","2,964.15","2,728.81","2,941.76","2,941.76","70,881,390,000"
"May 01, 2019","2,952.33","2,954.13","2,750.52","2,752.06","2,752.06","76,860,120,000"
"Apr 01, 2019","2,848.63","2,949.52","2,848.63","2,945.83","2,945.83","69,604,840,000"
"Mar 01, 2019","2,798.22","2,860.31","2,722.27","2,834.40","2,834.40","78,596,280,000"
"Feb 01, 2019","2,702.32","2,813.49","2,681.83","2,784.49","2,784.49","70,183,430,000"
"Jan 01, 2019","2,476.96","2,708.95","2,443.96","2,704.10","2,704.10","80,401,630,000"
"Dec 01, 2018","2,790.50","2,800.18","2,346.58","2,506.85","2,506.85","83,522,570,000"
"Nov 01, 2018","2,717.58","2,815.15","2,631.09","2,760.17","2,760.17","80,080,110,000"
"Oct 01, 2018","2,926.29","2,939.86","2,603.54","2,711.74","2,711.74","91,327,930,000"
"Sep 01, 2018","2,896.96","2,940.91","2,864.12","2,913.98","2,913.98","62,492,080,000"
"Aug 01, 2018","2,821.17","2,916.50","2,796.34","2,901.52","2,901.52","69,238,220,000"
"Jul 01, 2018","2,704.95","2,848.03","2,698.95","2,816.29","2,816.29","64,542,170,000"
"Jun 01, 2018","2,718.70","2,791.47","2,691.99","2,718.37","2,718.37","77,439,710,000"
"May 01, 2018","2,642.96","2,742.24","2,594.62","2,705.27","2,705.27","75,617,280,000"
"Apr 01, 2018","2,633.45","2,717.49","2,553.80","2,648.05","2,648.05","69,648,590,000"
"Mar 01, 2018","2,715.22","2,801.90","2,585.89","2,640.87","2,640.87","76,369,800,000"
"Feb 01, 2018","2,816.45","2,835.96","2,532.69","2,713.83","2,713.83","79,579,410,000"
"Jan 01, 2018","2,683.73","2,872.87","2,682.36","2,823.81","2,823.81","76,860,120,000"
"Dec 01, 2017","2,645.10","2,694.97","2,605.52","2,673.61","2,673.61","65,251,190,000"
"Nov 01, 2017","2,583.21","2,657.74","2,557.45","2,584.84","2,584.84","95,142,800,000"
"Oct 01, 2017","2,521.20","2,582.98","2,520.40","2,575.26","2,575.26","70,871,570,000"
"Sep 01, 2017","2,474.42","2,519.44","2,446.55","2,519.36","2,519.36","66,337,980,000"
"Aug 01, 2017","2,477.10","2,490.87","2,417.35","2,471.65","2,471.65","70,616,030,000"
"Jul 01, 2017","2,431.39","2,484.04","2,407.70","2,470.30","2,470.30","63,169,400,000"
"Jun 01, 2017","2,415.65","2,453.82","2,405.70","2,423.41","2,423.41","81,002,490,000"
"May 01, 2017","2,388.50","2,418.71","2,352.72","2,411.80","2,411.80","79,607,170,000"
"Apr 01, 2017","2,362.34","2,398.16","2,328.95","2,384.20","2,384.20","65,265,670,000"
"Mar 01, 2017","2,380.13","2,400.98","2,322.25","2,362.72","2,362.72","81,547,770,000"
"Feb 01, 2017","2,285.59","2,371.54","2,271.65","2,363.64","2,363.64","69,162,420,000"
"Jan 01, 2017","2,251.57","2,300.99","2,245.13","2,278.87","2,278.87","70,483,180,000"
"Dec 01, 2016","2,200.17","2,277.53","2,187.44","2,238.83","2,238.83","75,251,240,000"
"Nov 01, 2016","2,128.68","2,214.10","2,083.79","2,198.81","2,198.81","88,299,760,000"
"Oct 01, 2016","2,164.33","2,169.60","2,114.72","2,126.15","2,126.15","73,196,630,000"
"Sep 01, 2016","2,171.33","2,187.87","2,119.12","2,168.27","2,168.27","77,270,240,000"
"Aug 01, 2016","2,173.15","2,193.81","2,147.58","2,170.95","2,170.95","75,610,310,000"
"Jul 01, 2016","2,099.34","2,177.09","2,074.02","2,173.60","2,173.60","69,530,250,000"
"Jun 01, 2016","2,093.94","2,120.55","1,991.68","2,098.86","2,098.86","86,852,700,000"
"May 01, 2016","2,067.17","2,103.48","2,025.91","2,096.95","2,096.95","78,883,600,000"
"Apr 01, 2016","2,056.62","2,111.05","2,033.80","2,065.30","2,065.30","81,124,990,000"
"Mar 01, 2016","1,937.09","2,072.21","1,937.09","2,059.74","2,059.74","92,639,420,000"
"Feb 01, 2016","1,936.94","1,962.96","1,810.10","1,932.23","1,932.23","93,049,560,000"
"Jan 01, 2016","2,038.20","2,038.20","1,812.29","1,940.24","1,940.24","92,409,770,000"
"Dec 01, 2015","2,082.93","2,104.27","1,993.26","2,043.94","2,043.94","83,649,260,000"
"Nov 01, 2015","2,080.76","2,116.48","2,019.39","2,080.41","2,080.41","75,943,590,000"
"Oct 01, 2015","1,919.65","2,094.32","1,893.70","2,079.36","2,079.36","85,844,900,000"
"Sep 01, 2015","1,970.09","2,020.86","1,871.91","1,920.03","1,920.03","79,989,370,000"
"Aug 01, 2015","2,104.49","2,112.66","1,867.01","1,972.18","1,972.18","84,626,790,000"
"Jul 01, 2015","2,067.00","2,132.82","2,044.02","2,103.84","2,103.84","77,920,590,000"
"Jun 01, 2015","2,108.64","2,129.87","2,056.32","2,063.11","2,063.11","73,213,980,000"
"May 01, 2015","2,087.38","2,134.72","2,067.93","2,107.39","2,107.39","65,187,730,000"
"Apr 01, 2015","2,067.63","2,125.92","2,048.38","2,085.51","2,085.51","72,060,940,000"
"Mar 01, 2015","2,105.23","2,117.52","2,039.69","2,067.89","2,067.89","76,675,850,000"
"Feb 01, 2015","1,996.67","2,119.59","1,980.90","2,104.50","2,104.50","68,775,560,000"
"Jan 01, 2015","2,058.90","2,072.36","1,988.12","1,994.99","1,994.99","77,330,040,000"
"Dec 01, 2014","2,065.78","2,093.55","1,972.56","2,058.90","2,058.90","80,743,820,000"
"Nov 01, 2014","2,018.21","2,075.76","2,001.01","2,067.56","2,067.56","63,600,190,000"
"Oct 01, 2014","1,971.44","2,018.19","1,820.66","2,018.05","2,018.05","93,714,040,000"
"Sep 01, 2014","2,004.07","2,019.26","1,964.04","1,972.29","1,972.29","66,706,000,000"
"Aug 01, 2014","1,929.80","2,005.04","1,904.78","2,003.37","2,003.37","58,131,140,000"
"Jul 01, 2014","1,962.29","1,991.39","1,930.67","1,930.67","1,930.67","66,524,690,000"
"Jun 01, 2014","1,923.87","1,968.17","1,915.98","1,960.23","1,960.23","63,283,380,000"
"May 01, 2014","1,884.39","1,924.03","1,859.79","1,923.57","1,923.57","63,623,630,000"
"Apr 01, 2014","1,873.96","1,897.28","1,814.36","1,883.95","1,883.95","71,595,810,000"
"Mar 01, 2014","1,857.68","1,883.97","1,834.44","1,872.34","1,872.34","71,885,030,000"
"Feb 01, 2014","1,782.68","1,867.92","1,737.92","1,859.45","1,859.45","69,725,590,000"
"Jan 01, 2014","1,845.86","1,850.84","1,770.45","1,782.59","1,782.59","75,871,910,000"
"Dec 01, 2013","1,806.55","1,849.44","1,767.99","1,848.36","1,848.36","64,958,820,000"
"Nov 01, 2013","1,758.70","1,813.55","1,746.20","1,805.81","1,805.81","63,628,190,000"
"Oct 01, 2013","1,682.41","1,775.22","1,646.47","1,756.54","1,756.54","76,647,400,000"
"Sep 01, 2013","1,635.95","1,729.86","1,633.41","1,681.55","1,681.55","66,174,410,000"
"Aug 01, 2013","1,689.42","1,709.67","1,627.47","1,632.97","1,632.97","64,802,810,000"
"Jul 01, 2013","1,609.78","1,698.78","1,604.57","1,685.73","1,685.73","68,106,820,000"
"Jun 01, 2013","1,631.71","1,654.19","1,560.33","1,606.28","1,606.28","74,946,790,000"
"May 01, 2013","1,597.55","1,687.18","1,581.28","1,630.74","1,630.74","76,447,250,000"
"Apr 01, 2013","1,569.18","1,597.57","1,536.03","1,597.57","1,597.57","77,098,000,000"
"Mar 01, 2013","1,514.68","1,570.28","1,501.48","1,569.19","1,569.19","68,527,110,000"
"Feb 01, 2013","1,498.11","1,530.94","1,485.01","1,514.68","1,514.68","69,273,480,000"
"Jan 01, 2013","1,426.19","1,509.94","1,426.19","1,498.11","1,498.11","75,848,510,000"
"Dec 01, 2012","1,416.34","1,448.00","1,398.11","1,426.19","1,426.19","66,388,180,000"
"Nov 01, 2012","1,412.20","1,434.27","1,343.35","1,416.18","1,416.18","71,489,310,000"
"Oct 01, 2012","1,440.90","1,470.96","1,403.28","1,412.16","1,412.16","71,752,320,000"
"Sep 01, 2012","1,406.54","1,474.51","1,396.56","1,440.67","1,440.67","69,784,280,000"
"Aug 01, 2012","1,379.32","1,426.68","1,354.65","1,406.58","1,406.58","70,283,810,000"
"Jul 01, 2012","1,362.33","1,391.74","1,325.41","1,379.32","1,379.32","73,103,810,000"
"Jun 01, 2012","1,309.87","1,363.46","1,266.74","1,362.16","1,362.16","81,582,440,000"
"May 01, 2012","1,397.86","1,415.32","1,291.98","1,310.33","1,310.33","86,920,490,000"
"Apr 01, 2012","1,408.47","1,422.38","1,357.38","1,397.91","1,397.91","74,761,710,000"
"Mar 01, 2012","1,365.90","1,419.15","1,340.03","1,408.47","1,408.47","83,899,660,000"
"Feb 01, 2012","1,312.45","1,378.04","1,312.45","1,365.68","1,365.68","78,385,710,000"
"Jan 01, 2012","1,258.86","1,333.47","1,258.86","1,312.41","1,312.41","79,567,560,000"
"Dec 01, 2011","1,246.91","1,269.37","1,202.37","1,257.60","1,257.60","74,742,430,000"
"Nov 01, 2011","1,251.00","1,277.55","1,158.66","1,246.96","1,246.96","84,275,050,000"
"Oct 01, 2011","1,131.21","1,292.66","1,074.77","1,253.30","1,253.30","98,063,670,000"
"Sep 01, 2011","1,219.12","1,229.29","1,114.22","1,131.42","1,131.42","102,786,820,000"
"Aug 01, 2011","1,292.59","1,307.38","1,101.54","1,218.89","1,218.89","108,419,170,000"
"Jul 01, 2011","1,320.64","1,356.48","1,282.86","1,292.28","1,292.28","81,102,170,000"
"Jun 01, 2011","1,345.20","1,345.20","1,258.07","1,320.64","1,320.64","86,122,730,000"
"May 01, 2011","1,365.21","1,370.58","1,311.80","1,345.20","1,345.20","81,708,980,000"
"Apr 01, 2011","1,329.48","1,364.56","1,294.70","1,363.61","1,363.61","77,364,810,000"
"Mar 01, 2011","1,328.64","1,332.28","1,249.05","1,325.83","1,325.83","89,507,640,000"
"Feb 01, 2011","1,289.14","1,344.07","1,289.14","1,327.22","1,327.22","59,223,660,000"
"Jan 01, 2011","1,257.62","1,302.67","1,257.62","1,286.12","1,286.12","92,164,940,000"
"Dec 01, 2010","1,186.60","1,262.60","1,186.60","1,257.64","1,257.64","80,984,530,000"
"Nov 01, 2010","1,185.71","1,227.08","1,173.00","1,180.55","1,180.55","87,151,070,000"
"Oct 01, 2010","1,143.49","1,196.14","1,131.87","1,183.26","1,183.26","89,536,270,000"
"Sep 01, 2010","1,049.72","1,157.16","1,049.72","1,141.20","1,141.20","79,589,450,000"
"Aug 01, 2010","1,107.53","1,129.24","1,039.70","1,049.33","1,049.33","85,738,250,000"
"Jul 01, 2010","1,031.10","1,120.95","1,010.91","1,101.60","1,101.60","94,778,110,000"
"Jun 01, 2010","1,087.30","1,131.23","1,028.33","1,030.71","1,030.71","110,106,750,000"
"May 01, 2010","1,188.58","1,205.13","1,040.78","1,089.41","1,089.41","127,662,780,000"
"Apr 01, 2010","1,171.23","1,219.80","1,170.69","1,186.69","1,186.69","116,741,910,000"
"Mar 01, 2010","1,105.36","1,180.69","1,105.36","1,169.43","1,169.43","103,683,550,000"
"Feb 01, 2010","1,073.89","1,112.42","1,044.50","1,104.49","1,104.49","84,561,340,000"
"Jan 01, 2010","1,116.56","1,150.45","1,071.59","1,073.87","1,073.87","90,947,580,000"
"Dec 01, 2009","1,098.89","1,130.38","1,085.89","1,115.10","1,115.10","89,515,330,000"
"Nov 01, 2009","1,036.18","1,113.69","1,029.38","1,095.63","1,095.63","84,981,530,000"
"Oct 01, 2009","1,054.91","1,101.36","1,019.95","1,036.19","1,036.19","113,410,990,000"
"Sep 01, 2009","1,019.52","1,080.15",991.97,"1,057.08","1,057.08","112,295,490,000"
"Aug 01, 2009",990.22,"1,039.47",978.51,"1,020.62","1,020.62","116,059,270,000"
"Jul 01, 2009",920.82,996.68,869.32,987.48,987.48,"106,635,790,000"
"Jun 01, 2009",923.26,956.23,888.86,919.32,919.32,"112,653,150,000"
"May 01, 2009",872.74,930.17,866.10,919.14,919.14,"131,614,940,000"
"Apr 01, 2009",793.59,888.70,783.32,872.81,872.81,"138,855,320,000"
"Mar 01, 2009",729.57,832.98,666.79,797.87,797.87,"161,843,640,000"
"Feb 01, 2009",823.09,875.01,734.52,735.09,735.09,"124,492,210,000"
"Jan 01, 2009",902.99,943.85,804.30,825.88,825.88,"112,090,640,000"
"Dec 01, 2008",888.61,918.85,815.69,903.25,903.25,"112,884,470,000"
"Nov 01, 2008",968.67,"1,007.51",741.02,896.24,896.24,"115,660,210,000"
"Oct 01, 2008","1,164.17","1,167.03",839.80,968.75,968.75,"159,823,030,000"
"Sep 01, 2008","1,287.83","1,303.04","1,106.42","1,166.36","1,166.36","140,007,320,000"
"Aug 01, 2008","1,269.42","1,313.15","1,247.45","1,282.83","1,282.83","86,266,010,000"
"Jul 01, 2008","1,276.69","1,292.17","1,200.44","1,267.38","1,267.38","124,980,570,000"
"Jun 01, 2008","1,399.62","1,404.05","1,272.00","1,280.00","1,280.00","96,614,040,000"
"May 01, 2008","1,385.97","1,440.24","1,373.07","1,400.38","1,400.38","80,990,480,000"
"Apr 01, 2008","1,326.41","1,404.57","1,324.35","1,385.59","1,385.59","85,978,630,000"
"Mar 01, 2008","1,330.45","1,359.68","1,256.98","1,322.70","1,322.70","93,189,170,000"
"Feb 01, 2008","1,378.60","1,396.02","1,316.75","1,330.63","1,330.63","78,536,130,000"
"Jan 01, 2008","1,467.97","1,471.77","1,270.05","1,378.55","1,378.55","98,475,340,000"
"Dec 01, 2007","1,479.63","1,523.57","1,435.65","1,468.36","1,468.36","64,821,670,000"
"Nov 01, 2007","1,545.79","1,545.79","1,406.10","1,481.14","1,481.14","86,246,950,000"
"Oct 01, 2007","1,527.29","1,576.09","1,489.56","1,549.38","1,549.38","76,022,580,000"
"Sep 01, 2007","1,473.96","1,538.74","1,439.29","1,526.75","1,526.75","57,809,700,000"
"Aug 01, 2007","1,455.18","1,503.89","1,370.60","1,473.99","1,473.99","91,381,760,000"
"Jul 01, 2007","1,504.66","1,555.90","1,454.25","1,455.27","1,455.27","70,337,430,000"
"Jun 01, 2007","1,530.62","1,540.56","1,484.18","1,503.35","1,503.35","65,322,800,000"
"May 01, 2007","1,482.37","1,535.56","1,476.70","1,530.62","1,530.62","64,958,050,000"
"Apr 01, 2007","1,420.83","1,498.02","1,416.37","1,482.37","1,482.37","57,032,470,000"
"Mar 01, 2007","1,406.80","1,438.89","1,363.98","1,420.86","1,420.86","67,622,250,000"
"Feb 01, 2007","1,437.90","1,461.57","1,389.42","1,406.82","1,406.82","51,844,990,000"
"Jan 01, 2007","1,418.03","1,441.61","1,403.97","1,438.24","1,438.24","56,686,200,000"
"Dec 01, 2006","1,400.63","1,431.81","1,385.93","1,418.30","1,418.30","47,578,780,000"
"Nov 01, 2006","1,377.76","1,407.89","1,360.98","1,400.63","1,400.63","55,343,930,000"
"Oct 01, 2006","1,335.82","1,389.45","1,327.10","1,377.94","1,377.94","56,793,620,000"
"Sep 01, 2006","1,303.80","1,340.28","1,290.93","1,335.85","1,335.85","49,001,440,000"
"Aug 01, 2006","1,278.53","1,306.74","1,261.30","1,303.82","1,303.82","50,485,620,000"
"Jul 01, 2006","1,270.06","1,280.42","1,224.54","1,276.66","1,276.66","46,348,220,000"
"Jun 01, 2006","1,270.05","1,290.68","1,219.29","1,270.20","1,270.20","54,873,260,000"
"May 01, 2006","1,310.61","1,326.70","1,245.34","1,270.09","1,270.09","54,312,830,000"
"Apr 01, 2006","1,302.88","1,318.16","1,280.74","1,310.61","1,310.61","43,308,430,000"
"Mar 01, 2006","1,280.66","1,310.88","1,268.42","1,294.87","1,294.87","50,905,040,000"
"Feb 01, 2006","1,280.08","1,297.57","1,253.61","1,280.66","1,280.66","42,859,940,000"
"Jan 01, 2006","1,248.29","1,294.90","1,245.74","1,280.08","1,280.08","49,211,650,000"
"Dec 01, 2005","1,249.48","1,275.80","1,246.59","1,248.29","1,248.29","41,756,130,000"
"Nov 01, 2005","1,207.01","1,270.64","1,201.07","1,249.48","1,249.48","45,102,870,000"
"Oct 01, 2005","1,228.81","1,233.34","1,168.20","1,207.01","1,207.01","49,793,790,000"
"Sep 01, 2005","1,220.33","1,243.13","1,205.35","1,228.81","1,228.81","44,777,510,000"
"Aug 01, 2005","1,234.18","1,245.86","1,201.07","1,220.33","1,220.33","42,030,090,000"
"Jul 01, 2005","1,191.33","1,245.15","1,183.55","1,234.18","1,234.18","37,464,670,000"
"Jun 01, 2005","1,191.50","1,219.59","1,188.30","1,191.33","1,191.33","40,334,040,000"
"May 01, 2005","1,156.85","1,199.56","1,146.18","1,191.50","1,191.50","39,321,990,000"
"Apr 01, 2005","1,180.59","1,191.88","1,136.15","1,156.85","1,156.85","43,424,270,000"
"Mar 01, 2005","1,203.60","1,229.11","1,163.69","1,180.59","1,180.59","39,014,150,000"
"Feb 01, 2005","1,181.27","1,212.44","1,180.95","1,203.60","1,203.60","29,297,410,000"
"Jan 01, 2005","1,211.92","1,217.80","1,163.75","1,181.27","1,181.27","31,498,800,000"
"Dec 01, 2004","1,173.78","1,217.33","1,173.78","1,211.92","1,211.92","31,102,500,000"
"Nov 01, 2004","1,130.20","1,188.46","1,127.60","1,173.82","1,173.82","30,460,280,000"
"Oct 01, 2004","1,114.58","1,142.05","1,090.29","1,130.20","1,130.20","31,511,000,000"
"Sep 01, 2004","1,104.24","1,131.54","1,099.18","1,114.58","1,114.58","26,829,870,000"
"Aug 01, 2004","1,101.72","1,109.68","1,060.72","1,104.24","1,104.24","26,586,800,000"
"Jul 01, 2004","1,140.84","1,140.84","1,078.78","1,101.72","1,101.72","29,285,600,000"
"Jun 01, 2004","1,120.68","1,146.34","1,113.32","1,140.84","1,140.84","27,529,500,000"
"May 01, 2004","1,107.30","1,127.74","1,076.32","1,120.68","1,120.68","29,326,400,000"
"Apr 01, 2004","1,126.21","1,150.57","1,107.23","1,107.30","1,107.30","31,611,900,000"
"Mar 01, 2004","1,144.94","1,163.23","1,087.16","1,126.21","1,126.21","33,597,900,000"
"Feb 01, 2004","1,131.13","1,158.98","1,124.44","1,144.94","1,144.94","27,985,600,000"
"Jan 01, 2004","1,111.92","1,155.38","1,105.08","1,131.13","1,131.13","32,820,000,000"
"Dec 01, 2003","1,058.20","1,112.56","1,053.41","1,111.92","1,111.92","27,839,130,000"
"Nov 01, 2003","1,050.71","1,063.65","1,031.20","1,058.20","1,058.20","24,463,220,000"
"Oct 01, 2003",995.97,"1,053.79",995.97,"1,050.71","1,050.71","32,298,500,000"
"Sep 01, 2003","1,008.01","1,040.29",990.36,995.97,995.97,"29,940,110,000"
"Aug 01, 2003",990.31,"1,011.01",960.84,"1,008.01","1,008.01","24,881,470,000"
"Jul 01, 2003",974.50,"1,015.41",962.10,990.31,990.31,"31,553,200,000"
"Jun 01, 2003",963.59,"1,015.33",963.59,974.50,974.50,"31,219,400,000"
"May 01, 2003",916.92,965.38,902.83,963.59,963.59,"30,952,100,000"
"Apr 01, 2003",848.18,924.24,847.85,916.92,916.92,"29,669,610,000"
"Mar 01, 2003",841.15,895.90,788.90,848.18,848.18,"30,080,030,000"
"Feb 01, 2003",855.70,864.64,806.29,841.15,841.15,"25,235,300,000"
"Jan 01, 2003",879.82,935.05,840.34,855.70,855.70,"30,749,580,000"
"Dec 01, 2002",936.31,954.28,869.45,879.82,879.82,"25,993,640,000"
"Nov 01, 2002",885.76,941.82,872.05,936.31,936.31,"29,200,960,000"
"Oct 01, 2002",815.28,907.44,768.63,885.76,885.76,"37,856,310,000"
"Sep 01, 2002",916.07,924.02,800.20,815.28,815.28,"27,723,710,000"
"Aug 01, 2002",911.62,965.00,833.44,916.07,916.07,"29,298,400,000"
"Jul 01, 2002",989.82,994.46,775.68,911.62,911.62,"42,228,720,000"
"Jun 01, 2002","1,067.14","1,070.74",952.92,989.82,989.82,"29,981,510,000"
"May 01, 2002","1,076.92","1,106.59","1,048.96","1,067.14","1,067.14","26,905,500,000"
"Apr 01, 2002","1,147.39","1,147.84","1,063.46","1,076.92","1,076.92","28,568,900,000"
"Mar 01, 2002","1,106.73","1,173.94","1,106.73","1,147.39","1,147.39","26,563,200,000"
"Feb 01, 2002","1,130.20","1,130.20","1,074.36","1,106.73","1,106.73","26,047,600,000"
"Jan 01, 2002","1,148.08","1,176.97","1,081.66","1,130.20","1,130.20","29,746,200,000"
"Dec 01, 2001","1,139.45","1,173.62","1,114.53","1,148.08","1,148.08","25,128,570,000"
"Nov 01, 2001","1,059.78","1,163.38","1,054.31","1,139.45","1,139.45","26,330,000,000"
"Oct 01, 2001","1,040.94","1,110.61","1,026.76","1,059.78","1,059.78","29,951,280,000"
"Sep 01, 2001","1,133.58","1,155.40",944.75,"1,040.94","1,040.94","25,025,290,000"
"Aug 01, 2001","1,211.23","1,226.27","1,124.87","1,133.58","1,133.58","23,359,200,000"
"Jul 01, 2001","1,224.42","1,239.78","1,165.54","1,211.23","1,211.23","23,793,710,000"
"Jun 01, 2001","1,255.82","1,286.62","1,203.03","1,224.38","1,224.38","24,748,030,000"
"May 01, 2001","1,249.46","1,315.93","1,232.00","1,255.82","1,255.82","24,525,900,000"
"Apr 01, 2001","1,160.33","1,269.30","1,091.99","1,249.46","1,249.46","25,409,990,000"
"Mar 01, 2001","1,239.94","1,267.42","1,081.19","1,160.33","1,160.33","27,806,610,000"
"Feb 01, 2001","1,366.01","1,376.38","1,215.44","1,239.94","1,239.94","21,644,400,000"
"Jan 01, 2001","1,320.28","1,383.37","1,274.62","1,366.01","1,366.01","27,829,800,000"
"Dec 01, 2000","1,314.95","1,389.05","1,254.07","1,320.28","1,320.28","23,610,800,000"
"Nov 01, 2000","1,429.40","1,438.46","1,294.90","1,314.95","1,314.95","20,532,300,000"
"Oct 01, 2000","1,436.52","1,454.82","1,305.79","1,429.40","1,429.40","25,951,400,000"
"Sep 01, 2000","1,517.68","1,530.09","1,419.44","1,436.51","1,436.51","20,838,300,000"
"Aug 01, 2000","1,430.83","1,525.21","1,425.43","1,517.68","1,517.68","20,363,700,000"
"Jul 01, 2000","1,454.60","1,517.32","1,413.89","1,430.83","1,430.83","19,089,100,000"
"Jun 01, 2000","1,420.60","1,488.93","1,420.60","1,454.60","1,454.60","21,738,300,000"
"May 01, 2000","1,452.43","1,481.51","1,361.09","1,420.60","1,420.60","19,898,300,000"
"Apr 01, 2000","1,498.58","1,527.19","1,339.40","1,452.43","1,452.43","20,106,460,000"
"Mar 01, 2000","1,366.42","1,552.87","1,346.62","1,498.58","1,498.58","26,156,200,000"
"Feb 01, 2000","1,394.46","1,444.55","1,325.07","1,366.42","1,366.42","20,912,000,000"
"Jan 01, 2000","1,469.25","1,478.00","1,350.14","1,394.46","1,394.46","21,494,400,000"
"Dec 01, 1999","1,388.91","1,473.10","1,387.38","1,469.25","1,469.25","19,640,690,000"
"Nov 01, 1999","1,362.93","1,425.31","1,346.41","1,388.91","1,388.91","18,384,820,000"
"Oct 01, 1999","1,282.71","1,373.17","1,233.70","1,362.93","1,362.93","18,832,000,000"
"Sep 01, 1999","1,320.41","1,361.39","1,256.26","1,282.71","1,282.71","16,438,700,000"
"Aug 01, 1999","1,328.72","1,382.84","1,267.73","1,320.41","1,320.41","15,818,550,000"
"Jul 01, 1999","1,372.71","1,420.33","1,328.49","1,328.72","1,328.72","15,332,930,000"
"Jun 01, 1999","1,301.84","1,372.93","1,277.47","1,372.71","1,372.71","16,079,170,000"
"May 01, 1999","1,335.18","1,375.98","1,277.31","1,301.84","1,301.84","15,880,260,000"
"Apr 01, 1999","1,286.37","1,371.56","1,282.56","1,335.18","1,335.18","18,523,200,000"
"Mar 01, 1999","1,238.33","1,323.82","1,216.03","1,286.37","1,286.37","18,002,500,000"
"Feb 01, 1999","1,279.64","1,283.84","1,211.89","1,238.33","1,238.33","14,555,860,000"
"Jan 01, 1999","1,229.23","1,280.37","1,205.46","1,279.64","1,279.64","16,213,500,000"
"Dec 01, 1998","1,163.63","1,244.93","1,136.89","1,229.23","1,229.23","15,181,450,000"
"Nov 01, 1998","1,098.67","1,192.97","1,098.67","1,163.63","1,163.63","13,451,280,000"
"Oct 01, 1998","1,017.01","1,103.78",923.32,"1,098.67","1,098.67","18,001,650,000"
"Sep 01, 1998",957.28,"1,066.11",939.98,"1,017.01","1,017.01","16,714,080,000"
"Aug 01, 1998","1,120.67","1,121.79",957.28,957.28,957.28,"15,071,550,000"
"Jul 01, 1998","1,133.84","1,190.58","1,114.30","1,120.67","1,120.67","14,194,800,000"
"Jun 01, 1998","1,090.82","1,145.15","1,074.67","1,133.84","1,133.84","13,551,970,000"
"May 01, 1998","1,111.75","1,130.52","1,074.39","1,090.82","1,090.82","11,477,140,000"
"Apr 01, 1998","1,101.75","1,132.98","1,076.70","1,111.75","1,111.75","13,656,060,000"
"Mar 01, 1998","1,049.34","1,113.07","1,030.87","1,101.75","1,101.75","13,719,590,000"
"Feb 01, 1998",980.28,"1,051.66",980.28,"1,049.34","1,049.34","11,656,550,000"
"Jan 01, 1998",970.43,992.65,912.83,980.28,980.28,"12,733,830,000"
"Dec 01, 1997",955.40,986.25,924.92,970.43,970.43,"11,958,880,000"
"Nov 01, 1997",914.62,964.55,900.61,955.40,955.40,"10,173,620,000"
"Oct 01, 1997",947.28,983.12,855.27,914.62,914.62,"14,017,260,000"
"Sep 01, 1997",899.47,960.59,899.47,947.28,947.28,"11,383,000,000"
"Aug 01, 1997",954.29,964.17,893.34,899.47,899.47,"10,606,100,000"
"Jul 01, 1997",885.14,957.73,884.54,954.31,954.31,"11,958,120,000"
"Jun 01, 1997",848.28,902.09,838.82,885.14,885.14,"10,857,950,000"
"May 01, 1997",801.34,851.87,793.21,848.28,848.28,"10,106,650,000"
"Apr 01, 1997",757.12,804.13,733.54,801.34,801.34,"10,454,880,000"
"Mar 01, 1997",790.82,814.90,756.13,757.12,757.12,"10,120,760,000"
"Feb 01, 1997",786.16,817.68,773.43,790.82,790.82,"9,715,930,000"
"Jan 01, 1997",740.74,794.67,729.55,786.16,786.16,"11,635,830,000"
"Dec 01, 1996",757.02,761.75,716.69,740.74,740.74,"9,089,170,000"
"Nov 01, 1996",705.27,762.12,701.30,757.02,757.02,"8,763,850,000"
"Oct 01, 1996",687.31,714.10,684.44,705.27,705.27,"9,703,670,000"
"Sep 01, 1996",651.99,690.88,643.97,687.33,687.33,"8,064,070,000"
"Aug 01, 1996",639.95,670.68,639.49,651.99,651.99,"7,380,320,000"
"Jul 01, 1996",670.63,675.88,605.88,639.95,639.95,"8,849,860,000"
"Jun 01, 1996",669.12,680.32,658.75,670.63,670.63,"7,930,840,000"
"May 01, 1996",654.17,681.10,630.07,669.12,669.12,"8,921,140,000"
"Apr 01, 1996",645.50,656.68,624.14,654.17,654.17,"8,875,580,000"
"Mar 01, 1996",640.43,656.97,627.63,645.50,645.50,"8,984,200,000"
"Feb 01, 1996",636.02,664.23,633.71,640.43,640.43,"8,749,960,000"
"Jan 01, 1996",615.93,636.18,597.29,636.02,636.02,"9,188,050,000"
"Dec 01, 1995",605.37,622.88,605.05,615.93,615.93,"7,697,540,000"
"Nov 01, 1995",581.50,608.69,581.04,605.37,605.37,"7,602,150,000"
"Oct 01, 1995",584.41,590.66,571.55,581.50,581.50,"8,043,320,000"
"Sep 01, 1995",561.88,587.61,561.01,584.41,584.41,"7,052,830,000"
"Aug 01, 1995",562.06,565.62,553.04,561.88,561.88,"7,146,620,000"
"Jul 01, 1995",544.75,565.40,542.51,562.06,562.06,"7,307,960,000"
"Jun 01, 1995",533.40,551.07,526.00,544.75,544.75,"7,555,650,000"
"May 01, 1995",514.76,533.41,513.03,533.40,533.40,"7,555,690,000"
"Apr 01, 1995",500.70,515.29,500.20,514.71,514.71,"6,307,030,000"
"Mar 01, 1995",487.39,508.15,479.70,500.71,500.71,"7,792,400,000"
"Feb 01, 1995",470.42,489.19,469.29,487.39,487.39,"6,330,100,000"
"Jan 01, 1995",459.21,471.36,457.20,470.42,470.42,"6,852,060,000"
"Dec 01, 1994",453.55,462.73,442.88,459.27,459.27,"6,351,530,000"
"Nov 01, 1994",472.26,472.26,444.18,453.69,453.69,"6,251,240,000"
"Oct 01, 1994",462.69,474.74,449.27,472.35,472.35,"6,344,700,000"
"Sep 01, 1994",475.49,475.49,458.47,462.71,462.71,"6,152,870,000"
"Aug 01, 1994",458.28,477.59,456.08,475.49,475.49,"6,398,750,000"
"Jul 01, 1994",444.27,459.33,443.58,458.26,458.26,"4,980,100,000"
"Jun 01, 1994",456.50,463.23,439.83,444.27,444.27,"5,852,670,000"
"May 01, 1994",450.91,457.77,440.78,456.50,456.50,"5,675,970,000"
"Apr 01, 1994",445.66,452.79,435.86,450.91,450.91,"5,735,010,000"
"Mar 01, 1994",467.19,471.09,436.16,445.77,445.77,"7,225,010,000"
"Feb 01, 1994",481.60,482.23,464.26,467.14,467.14,"5,853,100,000"
"Jan 01, 1994",466.51,482.85,464.36,481.61,481.61,"6,627,390,000"
"Dec 01, 1993",461.93,471.29,461.45,466.45,466.45,"5,791,210,000"
"Nov 01, 1993",467.83,469.11,454.36,461.79,461.79,"5,876,610,000"
"Oct 01, 1993",458.93,471.10,456.40,467.83,467.83,"5,940,460,000"
"Sep 01, 1993",463.55,463.80,449.64,458.93,458.93,"5,552,720,000"
"Aug 01, 1993",448.13,463.56,446.94,463.56,463.56,"5,506,200,000"
"Jul 01, 1993",450.54,451.15,441.40,448.13,448.13,"5,308,530,000"
"Jun 01, 1993",450.23,455.63,442.50,450.53,450.53,"5,544,400,000"
"May 01, 1993",440.19,454.55,436.86,450.19,450.19,"5,108,640,000"
"Apr 01, 1993",451.67,452.63,432.30,440.19,440.19,"5,853,170,000"
"Mar 01, 1993",443.38,456.76,441.07,451.67,451.67,"5,766,950,000"
"Feb 01, 1993",438.78,450.04,428.25,443.38,443.38,"5,442,450,000"
"Jan 01, 1993",435.70,442.66,426.88,438.78,438.78,"5,280,850,000"
"Dec 01, 1992",431.35,442.65,428.61,435.71,435.71,"4,876,150,000"
"Nov 01, 1992",418.66,431.93,415.58,431.35,431.35,"4,148,770,000"
"Oct 01, 1992",417.80,421.16,396.80,418.68,418.68,"4,507,010,000"
"Sep 01, 1992",414.03,425.27,412.71,417.80,417.80,"4,023,850,000"
"Aug 01, 1992",424.19,425.14,408.30,414.03,414.03,"3,653,820,000"
"Jul 01, 1992",408.20,424.80,407.20,424.21,424.21,"4,265,220,000"
"Jun 01, 1992",415.35,417.30,399.92,408.14,408.14,"4,259,830,000"
"May 01, 1992",414.95,418.75,409.85,415.35,415.35,"3,643,980,000"
"Apr 01, 1992",403.67,416.28,392.41,414.95,414.95,"4,315,840,000"
"Mar 01, 1992",412.68,413.78,401.94,403.69,403.69,"4,066,240,000"
"Feb 01, 1992",408.79,418.08,406.34,412.70,412.70,"4,267,610,000"
"Jan 01, 1992",417.03,421.18,408.64,408.78,408.78,"5,286,280,000"
"Dec 01, 1991",375.11,418.32,371.36,417.09,417.09,"4,155,310,000"
"Nov 01, 1991",392.46,398.22,371.63,375.22,375.22,"3,737,620,000"
"Oct 01, 1991",387.86,393.81,376.11,392.45,392.45,"4,082,380,000"
"Sep 01, 1991",395.43,397.62,382.77,387.86,387.86,"3,260,990,000"
"Aug 01, 1991",387.81,396.82,374.09,395.43,395.43,"3,713,820,000"
"Jul 01, 1991",371.18,387.81,370.92,387.81,387.81,"3,481,570,000"
"Jun 01, 1991",389.81,389.81,367.98,371.16,371.16,"3,258,730,000"
"May 01, 1991",375.35,389.85,365.83,389.83,389.83,"3,739,700,000"
"Apr 01, 1991",375.22,391.26,370.27,375.34,375.34,"4,017,200,000"
"Mar 01, 1991",367.07,379.66,363.73,375.22,375.22,"3,927,920,000"
"Feb 01, 1991",343.91,370.96,340.37,367.07,367.07,"4,303,170,000"
"Jan 01, 1991",330.20,343.93,309.35,343.93,343.93,"3,660,240,000"
"Dec 01, 1990",322.23,333.98,321.97,330.22,330.22,"3,116,830,000"
"Nov 01, 1990",303.99,323.02,301.61,322.22,322.22,"3,149,770,000"
"Oct 01, 1990",306.10,319.69,294.51,304.00,304.00,"3,671,900,000"
"Sep 01, 1990",322.56,326.53,295.98,306.05,306.05,"2,687,280,000"
"Aug 01, 1990",356.15,357.35,306.18,322.56,322.56,"4,020,730,000"
"Jul 01, 1990",358.02,369.78,350.09,356.15,356.15,"3,373,540,000"
"Jun 01, 1990",361.26,368.78,351.23,358.02,358.02,"3,226,280,000"
"May 01, 1990",330.80,362.26,330.80,361.23,361.23,"3,596,680,000"
"Apr 01, 1990",339.94,347.30,327.76,330.80,330.80,"2,801,220,000"
"Mar 01, 1990",331.89,344.49,331.08,339.94,339.94,"3,283,280,000"
"Feb 01, 1990",329.08,336.09,322.10,331.89,331.89,"2,961,970,000"
"Jan 01, 1990",353.40,360.59,319.83,329.08,329.08,"3,793,250,000"
"Dec 01, 1989",346.01,354.10,339.63,353.40,353.40,"3,213,420,000"
"Nov 01, 1989",340.36,346.50,330.91,345.99,345.99,"3,032,160,000"
"Oct 01, 1989",349.15,360.44,327.12,340.36,340.36,"4,012,670,000"
"Sep 01, 1989",351.45,354.13,341.37,349.15,349.15,"3,035,020,000"
"Aug 01, 1989",346.08,352.73,339.00,351.45,351.45,"3,949,100,000"
"Jul 01, 1989",317.98,346.08,317.26,346.08,346.08,"3,249,030,000"
"Jun 01, 1989",320.51,329.19,314.38,317.98,317.98,"3,966,590,000"
"May 01, 1989",309.64,323.06,304.06,320.52,320.52,"3,747,320,000"
"Apr 01, 1989",294.87,310.45,294.35,309.64,309.64,"3,237,250,000"
"Mar 01, 1989",288.86,299.99,286.46,294.87,294.87,"3,504,530,000"
"Feb 01, 1989",297.47,300.57,286.26,288.86,288.86,"3,216,280,000"
"Jan 01, 1989",277.72,297.51,273.81,297.47,297.47,"3,532,220,000"
"Dec 01, 1988",273.68,280.45,270.47,277.72,277.72,"2,844,900,000"
"Nov 01, 1988",278.97,280.37,262.85,273.70,273.70,"2,822,820,000"
"Oct 01, 1988",271.89,283.95,268.84,278.97,278.97,"3,415,160,000"
"Sep 01, 1988",261.52,274.87,256.98,271.91,271.91,"3,059,450,000"
"Aug 01, 1988",272.03,274.20,256.53,261.52,261.52,"3,327,470,000"
"Jul 01, 1988",273.50,276.36,262.48,272.02,272.02,"3,338,470,000"
"Jun 01, 1988",262.16,276.88,262.10,273.50,273.50,"4,306,710,000"
"May 01, 1988",261.36,263.70,248.85,262.16,262.16,"3,231,370,000"
"Apr 01, 1988",258.89,272.05,254.71,261.33,261.33,"3,260,760,000"
"Mar 01, 1988",267.82,272.64,256.07,258.89,258.89,"4,052,970,000"
"Feb 01, 1988",257.05,267.82,247.82,267.82,267.82,"3,693,240,000"
"Jan 01, 1988",247.10,261.78,240.17,257.07,257.07,"3,494,700,000"
"Dec 01, 1987",230.32,253.35,221.24,247.08,247.08,"3,926,750,000"
"Nov 01, 1987",251.73,257.21,225.75,230.30,230.30,"3,589,530,000"
"Oct 01, 1987",321.83,328.94,216.46,251.79,251.79,"6,094,500,000"
"Sep 01, 1987",329.81,332.18,308.56,321.83,321.83,"3,723,200,000"
"Aug 01, 1987",318.62,337.89,314.51,329.80,329.80,"4,062,400,000"
"Jul 01, 1987",303.99,318.85,302.53,318.66,318.66,"3,966,400,000"
"Jun 01, 1987",290.12,310.27,286.93,304.00,304.00,"3,595,000,000"
"May 01, 1987",286.99,298.69,277.01,290.10,290.10,"3,417,700,000"
"Apr 01, 1987",291.59,303.65,275.67,288.36,288.36,"3,931,700,000"
"Mar 01, 1987",284.17,302.72,282.30,291.70,291.70,"3,965,100,000"
"Feb 01, 1987",274.08,287.55,273.16,284.20,284.20,"3,485,300,000"
"Jan 01, 1987",242.17,280.96,242.17,274.08,274.08,"4,040,880,000"
"Dec 01, 1986",249.22,254.87,241.28,242.17,242.17,"3,260,870,000"
"Nov 01, 1986",243.97,249.22,235.51,249.22,249.22,"2,940,830,000"
"Oct 01, 1986",231.32,244.51,231.32,243.98,243.98,"3,016,740,000"
"Sep 01, 1986",252.93,254.13,228.08,231.32,231.32,"3,166,300,000"
"Aug 01, 1986",236.12,254.24,231.92,252.93,252.93,"2,701,900,000"
"Jul 01, 1986",250.67,253.20,233.07,236.12,236.12,"3,029,900,000"
"Jun 01, 1986",246.04,251.81,238.23,250.84,250.84,"2,649,600,000"
"May 01, 1986",235.52,249.19,232.26,247.35,247.35,"2,680,240,000"
"Apr 01, 1986",238.90,245.47,226.30,235.52,235.52,"3,240,400,000"
"Mar 01, 1986",226.92,240.11,222.18,238.90,238.90,"3,214,600,000"
"Feb 01, 1986",211.78,227.92,210.82,226.92,226.92,"2,899,100,000"
"Jan 01, 1986",211.28,214.57,202.60,211.78,211.78,"2,879,010,000"
"Dec 01, 1985",202.17,213.08,200.10,211.28,211.28,"2,804,380,000"
"Nov 01, 1985",189.82,203.40,189.37,202.17,202.17,"2,445,370,000"
"Oct 01, 1985",182.06,190.15,181.16,189.82,189.82,"2,543,240,000"
"Sep 01, 1985",188.63,188.80,179.45,182.08,182.08,"1,860,160,000"
"Aug 01, 1985",190.92,192.17,186.10,188.63,188.63,"1,923,200,000"
"Jul 01, 1985",191.85,196.07,189.30,190.92,190.92,"2,463,070,000"
"Jun 01, 1985",189.55,191.85,185.03,191.85,191.85,"2,117,000,000"
"May 01, 1985",179.83,189.98,178.35,189.55,189.55,"2,350,340,000"
"Apr 01, 1985",180.66,183.61,177.86,179.83,179.83,"1,981,880,000"
"Mar 01, 1985",181.18,183.89,176.53,180.66,180.66,"2,153,090,000"
"Feb 01, 1985",179.63,183.95,177.75,181.18,181.18,"2,194,620,000"
"Jan 01, 1985",167.20,180.27,163.36,179.63,179.63,"2,673,710,000"
"Dec 01, 1984",163.58,169.03,161.54,167.24,167.24,"1,781,000,000"
"Nov 01, 1984",166.09,170.41,162.99,163.58,163.58,"1,757,280,000"
"Oct 01, 1984",166.10,169.62,160.02,166.09,166.09,"2,110,230,000"
"Sep 01, 1984",166.68,169.65,163.06,166.10,166.10,"1,768,660,000"
"Aug 01, 1984",150.66,168.80,150.66,166.68,166.68,"2,526,920,000"
"Jul 01, 1984",153.16,153.87,147.26,150.66,150.66,"1,662,200,000"
"Jun 01, 1984",150.55,155.64,148.53,153.18,153.18,"1,812,870,000"
"May 01, 1984",160.05,162.11,148.68,150.55,150.55,"1,939,550,000"
"Apr 01, 1984",159.18,160.69,154.12,160.05,160.05,"1,717,530,000"
"Mar 01, 1984",157.06,160.46,153.77,159.18,159.18,"1,854,920,000"
"Feb 01, 1984",163.41,164.00,152.13,157.06,157.06,"1,932,810,000"
"Jan 01, 1984",164.93,169.54,162.03,163.41,163.41,"2,215,660,000"
"Dec 01, 1983",166.37,166.77,161.58,164.93,164.93,"1,848,860,000"
"Nov 01, 1983",163.55,168.07,161.63,166.40,166.40,"1,814,610,000"
"Oct 01, 1983",165.99,172.65,162.86,163.55,163.55,"1,794,620,000"
"Sep 01, 1983",164.40,170.41,163.95,166.07,166.07,"1,739,810,000"
"Aug 01, 1983",162.34,165.91,158.50,164.40,164.40,"1,706,430,000"
"Jul 01, 1983",168.11,170.72,161.50,162.56,162.56,"1,590,170,000"
"Jun 01, 1983",162.38,171.60,160.80,167.64,167.64,"1,973,860,000"
"May 01, 1983",164.41,166.99,160.29,162.39,162.39,"1,953,130,000"
"Apr 01, 1983",152.92,164.43,150.17,164.43,164.43,"1,786,870,000"
"Mar 01, 1983",148.07,155.02,148.07,152.96,152.96,"1,901,920,000"
"Feb 01, 1983",145.29,150.88,141.90,148.06,148.06,"1,615,450,000"
"Jan 01, 1983",140.65,148.36,138.08,145.30,145.30,"1,857,600,000"
"Dec 01, 1982",138.56,143.68,134.79,140.64,140.64,"1,682,080,000"
"Nov 01, 1982",133.72,144.36,132.89,138.53,138.53,"1,857,040,000"
"Oct 01, 1982",120.40,140.40,120.15,133.72,133.72,"2,068,560,000"
"Sep 01, 1982",119.52,126.43,117.84,120.42,120.42,"1,548,040,000"
"Aug 01, 1982",107.71,120.26,102.20,119.51,119.51,"1,672,770,000"
"Jul 01, 1982",109.52,112.39,105.57,107.09,107.09,"1,145,190,000"
"Jun 01, 1982",111.97,112.48,107.01,109.61,109.61,"1,110,530,000"
"May 01, 1982",115.96,119.92,111.66,111.88,111.88,"1,026,460,000"
"Apr 01, 1982",111.96,119.33,111.48,116.44,116.44,"1,136,490,000"
"Mar 01, 1982",113.11,114.80,104.46,111.96,111.96,"1,268,690,000"
"Feb 01, 1982",119.81,119.81,110.03,113.11,113.11,"972,190,000"
"Jan 01, 1982",122.55,123.72,113.63,120.40,120.40,"968,340,000"
"Dec 01, 1981",126.35,127.32,121.04,122.55,122.55,"959,470,000"
"Nov 01, 1981",122.35,126.97,119.13,126.35,126.35,"987,920,000"
"Oct 01, 1981",116.18,123.28,115.00,121.89,121.89,"997,560,000"
"Sep 01, 1981",122.79,124.58,110.19,116.18,116.18,"959,140,000"
"Aug 01, 1981",130.92,135.18,122.29,122.79,122.79,"920,550,000"
"Jul 01, 1981",131.21,131.78,125.96,130.92,130.92,"953,970,000"
"Jun 01, 1981",132.59,135.67,128.77,131.21,131.21,"1,100,970,000"
"May 01, 1981",132.81,134.92,128.78,132.59,132.59,"905,430,000"
"Apr 01, 1981",136.00,137.72,131.58,132.81,132.81,"1,123,470,000"
"Mar 01, 1981",131.27,138.38,128.56,136.00,136.00,"1,174,530,000"
"Feb 01, 1981",129.48,132.02,124.66,131.27,131.27,"816,310,000"
"Jan 01, 1981",135.76,140.32,128.57,129.55,129.55,"955,520,000"
"Dec 01, 1980",140.52,140.66,125.32,135.76,135.76,"1,025,650,000"
"Nov 01, 1980",127.47,141.96,127.23,140.52,140.52,"988,110,000"
"Oct 01, 1980",125.46,135.88,124.66,127.47,127.47,"1,031,790,000"
"Sep 01, 1980",122.38,132.17,121.79,125.46,125.46,"1,057,710,000"
"Aug 01, 1980",121.67,127.78,119.42,122.38,122.38,"965,660,000"
"Jul 01, 1980",114.24,123.93,113.54,121.67,121.67,"1,021,770,000"
"Jun 01, 1980",111.24,117.98,109.77,114.24,114.24,"829,660,000"
"May 01, 1980",106.29,112.72,103.50,111.24,111.24,"764,920,000"
"Apr 01, 1980",102.09,106.79,98.95,106.29,106.29,"674,140,000"
"Mar 01, 1980",113.66,114.34,94.23,102.09,102.09,"876,450,000"
"Feb 01, 1980",114.16,120.22,111.33,113.66,113.66,"956,530,000"
"Jan 01, 1980",107.94,117.17,103.26,114.16,114.16,"1,158,240,000"
"Dec 01, 1979",106.16,110.33,105.07,107.94,107.94,"710,210,000"
"Nov 01, 1979",101.82,107.89,99.42,106.16,106.16,"653,650,000"
"Oct 01, 1979",109.19,112.16,99.06,101.82,101.82,"857,930,000"
"Sep 01, 1979",109.32,111.58,105.38,109.32,109.32,"713,940,000"
"Aug 01, 1979",103.81,109.84,103.14,109.32,109.32,"825,050,000"
"Jul 01, 1979",102.91,105.17,100.35,103.81,103.81,"680,740,000"
"Jun 01, 1979",99.08,103.67,98.57,102.91,102.91,"735,710,000"
"May 01, 1979",101.76,102.57,97.49,99.08,99.08,"623,740,000"
"Apr 01, 1979",101.56,103.95,100.14,101.76,101.76,"620,650,000"
"Mar 01, 1979",96.28,103.31,95.98,101.59,101.59,"649,800,000"
"Feb 01, 1979",99.93,100.52,95.38,96.28,96.28,"475,710,000"
"Jan 01, 1979",96.11,102.59,95.22,99.93,99.93,"615,730,000"
"Dec 01, 1978",95.01,98.58,92.64,96.11,96.11,"492,440,000"
"Nov 01, 1978",94.13,97.41,91.77,94.70,94.70,"514,610,000"
"Oct 01, 1978",102.54,106.23,91.65,93.15,93.15,"682,340,000"
"Sep 01, 1978",103.29,108.05,100.66,102.54,102.54,"672,290,000"
"Aug 01, 1978",100.68,106.27,99.95,103.29,103.29,"864,950,000"
"Jul 01, 1978",95.53,101.18,93.59,100.68,100.68,"541,490,000"
"Jun 01, 1978",97.24,101.84,93.99,95.53,95.53,"666,290,000"
"May 01, 1978",96.83,100.32,94.57,97.24,97.24,"775,750,000"
"Apr 01, 1978",89.20,97.91,88.07,96.83,96.83,"695,600,000"
"Mar 01, 1978",87.04,91.35,86.45,89.21,89.21,"497,580,000"
"Feb 01, 1978",89.25,91.32,86.58,87.04,87.04,"368,600,000"
"Jan 01, 1978",95.10,95.15,88.02,89.25,89.25,"428,140,000"
"Dec 01, 1977",94.83,95.67,91.76,95.10,95.10,"450,970,000"
"Nov 01, 1977",92.19,97.11,90.01,94.83,94.83,"494,680,000"
"Oct 01, 1977",96.53,97.27,90.20,92.34,92.34,"413,470,000"
"Sep 01, 1977",96.77,98.43,94.44,96.53,96.53,"383,670,000"
"Aug 01, 1977",98.85,99.84,95.04,96.77,96.77,"433,650,000"
"Jul 01, 1977",100.48,102.57,97.71,98.85,98.85,"452,480,000"
"Jun 01, 1977",96.12,101.65,95.89,100.48,100.48,"485,150,000"
"May 01, 1977",98.44,100.93,95.52,96.12,96.12,"425,820,000"
"Apr 01, 1977",98.42,102.07,96.53,98.44,98.44,"403,060,000"
"Mar 01, 1977",99.82,102.70,97.80,98.42,98.42,"434,690,000"
"Feb 01, 1977",102.03,103.32,98.82,99.82,99.82,"398,440,000"
"Jan 01, 1977",107.46,107.97,100.91,102.03,102.03,"501,620,000"
"Dec 01, 1976",102.10,107.82,101.62,107.46,107.46,"534,550,000"
"Nov 01, 1976",102.90,103.78,98.18,102.10,102.10,"381,020,000"
"Oct 01, 1976",105.24,105.75,99.21,102.90,102.90,"361,390,000"
"Sep 01, 1976",102.91,108.72,102.60,105.24,105.24,"414,750,000"
"Aug 01, 1976",103.44,105.41,100.43,102.91,102.91,"346,680,000"
"Jul 01, 1976",104.28,106.78,102.31,103.44,103.44,"393,760,000"
"Jun 01, 1976",100.18,105.07,97.97,104.28,104.28,"417,230,000"
"May 01, 1976",101.64,103.99,98.26,100.18,100.18,"355,910,000"
"Apr 01, 1976",102.77,104.63,99.57,101.64,101.64,"392,260,000"
"Mar 01, 1976",99.71,104.39,98.23,102.77,102.77,"529,600,000"
"Feb 01, 1976",100.86,103.07,98.50,99.71,99.71,"596,130,000"
"Jan 01, 1976",90.19,101.99,89.81,100.86,100.86,"635,830,000"
"Dec 01, 1975",91.24,91.90,86.15,90.19,90.19,"348,970,000"
"Nov 01, 1975",89.04,92.33,87.63,91.24,91.24,"318,810,000"
"Oct 01, 1975",83.87,91.75,82.57,89.04,89.04,"365,540,000"
"Sep 01, 1975",86.88,87.42,81.57,83.87,83.87,"275,120,000"
"Aug 01, 1975",88.75,89.04,82.21,86.88,86.88,"281,470,000"
"Jul 01, 1975",95.19,96.58,87.68,88.75,88.75,"441,680,000"
"Jun 01, 1975",91.32,95.85,89.30,95.19,95.19,"447,000,000"
"May 01, 1975",87.30,93.51,86.94,91.15,91.15,"457,490,000"
"Apr 01, 1975",83.36,88.79,79.66,87.30,87.30,"451,350,000"
"Mar 01, 1975",81.59,87.08,80.08,83.36,83.36,"453,610,000"
"Feb 01, 1975",76.98,83.56,76.00,81.59,81.59,"423,640,000"
"Jan 01, 1975",68.65,78.69,68.65,76.98,76.98,"432,550,000"
"Dec 01, 1974",69.80,69.80,64.13,68.56,68.56,"315,150,000"
"Nov 01, 1974",73.90,77.41,66.85,69.97,69.97,"286,790,000"
"Oct 01, 1974",63.54,75.90,60.96,73.90,73.90,"377,100,000"
"Sep 01, 1974",72.15,73.01,62.52,63.54,63.54,"280,050,000"
"Aug 01, 1974",79.31,83.53,69.37,72.15,72.15,"280,100,000"
"Jul 01, 1974",86.00,86.89,78.96,79.31,79.31,"274,090,000"
"Jun 01, 1974",87.28,93.76,85.13,86.00,86.00,"245,340,000"
"May 01, 1974",90.31,93.59,85.87,87.28,87.28,"275,150,000"
"Apr 01, 1974",93.98,95.42,88.62,90.31,90.31,"254,270,000"
"Mar 01, 1974",96.22,101.05,93.44,93.98,93.98,"309,600,000"
"Feb 01, 1974",96.57,97.43,89.53,96.22,96.22,"256,810,000"
"Jan 01, 1974",97.55,100.94,91.62,96.57,96.57,"363,150,000"
"Dec 01, 1973",95.83,99.09,91.05,97.55,97.55,"384,380,000"
"Nov 01, 1973",108.29,109.20,94.88,95.96,95.96,"399,900,000"
"Oct 01, 1973",108.43,112.82,107.08,108.29,108.29,"422,900,000"
"Sep 01, 1973",104.25,110.45,102.13,108.43,108.43,"329,070,000"
"Aug 01, 1973",108.17,108.17,99.74,104.25,104.25,"274,460,000"
"Jul 01, 1973",104.10,111.04,100.44,108.22,108.22,"307,780,000"
"Jun 01, 1973",104.95,109.52,101.45,104.26,104.26,"268,700,000"
"May 01, 1973",106.97,112.25,101.36,104.95,104.95,"337,260,000"
"Apr 01, 1973",111.52,113.65,105.44,106.97,106.97,"277,990,000"
"Mar 01, 1973",111.68,115.61,107.41,111.52,111.52,"343,400,000"
"Feb 01, 1973",116.03,118.98,109.80,111.68,111.68,"318,190,000"
"Jan 01, 1973",118.06,121.74,114.97,116.03,116.03,"393,750,000"
"Dec 01, 1972",116.67,119.79,114.63,118.05,118.05,"344,730,000"
"Nov 01, 1972",111.58,117.91,111.32,116.67,116.67,"405,570,000"
"Oct 01, 1972",110.55,112.26,106.27,111.58,111.58,"317,300,000"
"Sep 01, 1972",111.09,112.12,107.35,110.55,110.55,"246,190,000"
"Aug 01, 1972",107.39,113.45,107.06,111.09,111.09,"356,930,000"
"Jul 01, 1972",107.14,110.27,104.43,107.39,107.39,"288,900,000"
"Jun 01, 1972",109.53,110.51,105.94,107.14,107.14,"314,510,000"
"May 01, 1972",107.67,111.48,103.83,109.53,109.53,"335,850,000"
"Apr 01, 1972",107.20,111.11,106.18,107.67,107.67,"367,990,000"
"Mar 01, 1972",106.57,109.75,105.86,107.20,107.20,"403,650,000"
"Feb 01, 1972",103.94,107.16,103.10,106.57,106.57,"376,260,000"
"Jan 01, 1972",102.09,105.00,100.87,103.94,103.94,"379,490,000"
"Dec 01, 1971",93.99,102.21,93.95,102.09,102.09,"377,680,000"
"Nov 01, 1971",94.23,96.08,89.34,93.99,93.99,"276,410,000"
"Oct 01, 1971",98.34,100.96,92.96,94.23,94.23,"280,080,000"
"Sep 01, 1971",99.03,102.25,96.97,98.34,98.34,"252,720,000"
"Aug 01, 1971",95.58,101.51,92.81,99.03,99.03,"320,520,000"
"Jul 01, 1971",99.16,101.52,95.08,95.58,95.58,"265,240,000"
"Jun 01, 1971",99.63,102.07,96.92,98.70,98.70,"303,590,000"
"May 01, 1971",103.95,104.42,98.68,99.63,99.63,"307,360,000"
"Apr 01, 1971",100.31,105.60,99.63,103.95,103.95,"401,580,000"
"Mar 01, 1971",96.75,102.03,96.11,100.31,100.31,"389,880,000"
"Feb 01, 1971",95.88,99.59,94.92,96.75,96.75,"371,190,000"
"Jan 01, 1971",92.15,96.49,90.64,95.88,95.88,"348,490,000"
"Dec 01, 1970",87.20,92.99,86.11,92.15,92.15,"335,240,000"
"Nov 01, 1970",83.25,87.60,82.23,87.20,87.20,"230,290,000"
"Oct 01, 1970",84.30,87.75,82.29,83.25,83.25,"261,370,000"
"Sep 01, 1970",81.52,84.99,79.95,84.30,84.30,"303,290,000"
"Aug 01, 1970",78.05,82.47,74.13,81.52,81.52,"218,690,000"
"Jul 01, 1970",72.72,79.03,70.69,78.05,78.05,"227,740,000"
"Jun 01, 1970",76.55,79.96,72.25,72.72,72.72,"226,420,000"
"May 01, 1970",81.52,82.32,68.61,76.55,76.55,"258,220,000"
"Apr 01, 1970",89.63,90.70,79.31,81.52,81.52,"223,120,000"
"Mar 01, 1970",89.50,91.07,86.19,89.63,89.63,"212,880,000"
"Feb 01, 1970",85.02,90.33,84.64,89.50,89.50,"228,380,000"
"Jan 01, 1970",92.06,94.25,84.42,85.02,85.02,"221,090,000"
"Dec 01, 1969",93.81,94.47,88.62,92.06,92.06,"272,350,000"
"Nov 01, 1969",97.12,99.23,92.24,93.81,93.81,"213,600,000"
"Oct 01, 1969",93.12,98.83,91.66,97.12,97.12,"310,110,000"
"Sep 01, 1969",95.51,96.62,91.77,93.12,93.12,"219,150,000"
"Aug 01, 1969",91.92,96.43,91.48,95.51,95.51,"201,680,000"
"Jul 01, 1969",97.71,100.33,88.04,91.83,91.83,"228,250,000"
"Jun 01, 1969",103.46,103.75,95.21,97.71,97.71,"235,130,000"
"May 01, 1969",103.69,106.74,102.29,103.46,103.46,"256,580,000"
"Apr 01, 1969",101.51,104.56,99.08,103.69,103.69,"236,930,000"
"Mar 01, 1969",98.13,102.35,97.06,101.51,101.51,"199,110,000"
"Feb 01, 1969",103.01,104.61,97.36,98.13,98.13,"207,490,000"
"Jan 01, 1969",103.86,104.87,96.63,103.01,103.01,"266,600,000"
"Dec 01, 1968",108.37,109.37,102.98,103.86,103.86,"267,480,000"
"Nov 01, 1968",103.41,109.09,101.85,108.37,108.37,"251,850,000"
"Oct 01, 1968",102.67,105.78,101.80,103.41,103.41,"272,200,000"
"Sep 01, 1968",98.86,103.63,98.31,102.67,102.67,"228,300,000"
"Aug 01, 1968",97.74,99.67,95.79,98.86,98.86,"193,970,000"
"Jul 01, 1968",99.58,103.67,96.84,97.74,97.74,"242,450,000"
"Jun 01, 1968",98.72,102.84,98.72,99.58,99.58,"257,290,000"
"May 01, 1968",97.46,100.19,95.80,98.68,98.68,"291,980,000"
"Apr 01, 1968",91.11,98.61,91.11,97.46,97.46,"295,420,000"
"Mar 01, 1968",89.36,91.09,86.99,90.20,90.20,"192,610,000"
"Feb 01, 1968",92.24,93.44,86.73,89.36,89.36,"174,380,000"
"Jan 01, 1968",96.47,97.84,91.27,92.24,92.24,"262,770,000"
"Dec 01, 1967",94.00,96.90,93.41,96.47,96.47,"229,460,000"
"Nov 01, 1967",93.30,95.51,90.09,94.00,94.00,"211,430,000"
"Oct 01, 1967",96.71,98.25,93.29,93.30,93.30,"224,780,000"
"Sep 01, 1967",93.64,98.31,93.00,96.71,96.71,"204,960,000"
"Aug 01, 1967",94.75,96.67,92.01,93.64,93.64,"207,800,000"
"Jul 01, 1967",90.64,95.51,90.12,94.75,94.75,"216,730,000"
"Jun 01, 1967",89.08,93.28,87.19,90.64,90.64,"212,590,000"
"May 01, 1967",94.01,95.25,88.71,89.08,89.08,"218,420,000"
"Apr 01, 1967",90.20,94.77,87.86,94.01,94.01,"187,650,000"
"Mar 01, 1967",86.78,91.72,86.67,90.20,90.20,"224,640,000"
"Feb 01, 1967",86.61,89.00,85.61,86.78,86.78,"182,950,000"
"Jan 01, 1967",80.33,88.17,79.43,86.61,86.61,"207,410,000"
"Dec 01, 1966",80.45,83.88,79.49,80.33,80.33,"165,070,000"
"Nov 01, 1966",80.20,83.01,78.89,80.45,80.45,"145,780,000"
"Oct 01, 1966",76.56,80.91,72.28,80.20,80.20,"146,210,000"
"Sep 01, 1966",77.10,80.81,75.03,76.56,76.56,"120,030,000"
"Aug 01, 1966",83.50,84.70,73.91,77.10,77.10,"162,430,000"
"Jul 01, 1966",84.74,88.19,83.05,83.60,83.60,"119,810,000"
"Jun 01, 1966",86.13,87.74,83.75,84.74,84.74,"140,450,000"
"May 01, 1966",91.06,91.75,83.18,86.13,86.13,"171,290,000"
"Apr 01, 1966",89.23,93.02,88.96,91.06,91.06,"186,160,000"
"Mar 01, 1966",91.22,91.65,86.69,89.23,89.23,"191,360,000"
"Feb 01, 1966",92.88,94.72,90.43,91.22,91.22,"165,790,000"
"Jan 01, 1966",92.43,94.64,91.63,92.88,92.88,"182,910,000"
"Dec 01, 1965",91.61,93.07,89.20,92.43,92.43,"191,050,000"
"Nov 01, 1965",92.42,93.30,90.81,91.61,91.61,"147,110,000"
"Oct 01, 1965",89.96,93.19,89.30,92.42,92.42,"164,090,000"
"Sep 01, 1965",87.17,91.13,86.69,89.96,89.96,"155,180,000"
"Aug 01, 1965",85.25,87.79,84.80,87.17,87.17,"109,070,000"
"Jul 01, 1965",84.12,86.47,83.30,85.25,85.25,"85,150,000"
"Jun 01, 1965",88.42,88.80,80.73,84.12,84.12,"128,160,000"
"May 01, 1965",89.11,90.68,87.24,88.42,88.42,"110,190,000"
"Apr 01, 1965",86.16,89.64,85.87,89.11,89.11,"119,120,000"
"Mar 01, 1965",87.43,87.93,85.65,86.16,86.16,"124,830,000"
"Feb 01, 1965",87.56,88.06,85.25,87.43,87.43,"112,280,000"
"Jan 01, 1965",84.75,88.19,83.77,87.56,87.56,"109,130,000"
"Dec 01, 1964",84.42,85.18,82.65,84.75,84.75,"104,010,000"
"Nov 01, 1964",84.86,86.80,84.10,84.42,84.42,"93,640,000"
"Oct 01, 1964",84.18,85.70,83.65,84.86,84.86,"106,550,000"
"Sep 01, 1964",81.83,84.80,81.57,84.18,84.18,"109,770,000"
"Aug 01, 1964",83.18,83.49,80.80,81.83,81.83,"82,280,000"
"Jul 01, 1964",81.69,84.33,81.46,83.18,83.18,"102,590,000"
"Jun 01, 1964",80.37,82.10,78.15,81.69,81.69,"96,150,000"
"May 01, 1964",79.46,81.81,79.46,80.37,80.37,"99,150,000"
"Apr 01, 1964",78.98,81.20,78.67,79.46,79.46,"123,490,000"
"Mar 01, 1964",77.80,79.89,77.50,78.98,78.98,"113,760,000"
"Feb 01, 1964",77.04,78.31,76.36,77.80,77.80,"88,110,000"
"Jan 01, 1964",75.02,77.78,74.82,77.04,77.04,"116,620,000"
"Dec 01, 1963",73.23,75.36,73.02,75.02,75.02,"98,660,000"
"Nov 01, 1963",74.01,74.44,69.48,73.23,73.23,"93,990,000"
"Oct 01, 1963",71.70,75.18,71.57,74.01,74.01,"122,360,000"
"Sep 01, 1963",72.50,73.87,71.28,71.70,71.70,"106,620,000"
"Aug 01, 1963",69.13,72.71,68.64,72.50,72.50,"91,650,000"
"Jul 01, 1963",69.37,70.48,67.54,69.13,69.13,"76,310,000"
"Jun 01, 1963",70.80,71.24,68.78,69.37,69.37,"90,580,000"
"May 01, 1963",69.80,71.14,69.03,70.80,70.80,"105,070,000"
"Apr 01, 1963",66.57,70.18,66.23,69.80,69.80,"106,290,000"
"Mar 01, 1963",64.29,67.01,63.80,66.57,66.57,"74,760,000"
"Feb 01, 1963",66.31,66.96,64.08,64.29,64.29,"79,120,000"
"Jan 01, 1963",63.10,66.59,62.32,66.20,66.20,"101,970,000"
"Dec 01, 1962",62.26,63.50,61.28,63.10,63.10,"80,870,000"
"Nov 01, 1962",56.52,62.78,55.90,62.26,62.26,"96,020,000"
"Oct 01, 1962",56.27,57.83,52.55,56.52,56.52,"78,690,000"
"Sep 01, 1962",59.12,59.54,55.53,56.27,56.27,"62,890,000"
"Aug 01, 1962",58.23,60.33,56.76,59.12,59.12,"80,400,000"
"Jul 01, 1962",54.75,58.67,54.47,58.23,58.23,"74,160,000"
"Jun 01, 1962",59.63,59.96,51.35,54.75,54.75,"100,160,000"
"May 01, 1962",65.24,66.93,53.13,59.63,59.63,"111,030,000"
"Apr 01, 1962",69.55,69.82,64.95,65.24,65.24,"65,240,000"
"Mar 01, 1962",69.96,71.44,69.16,69.55,69.55,"68,440,000"
"Feb 01, 1962",68.84,71.13,68.56,69.96,69.96,"66,130,000"
"Jan 01, 1962",71.55,71.96,67.55,68.84,68.84,"80,790,000"
"Dec 01, 1961",71.78,72.64,70.86,71.55,71.55,"82,380,000"
"Nov 01, 1961",68.73,71.85,68.73,71.32,71.32,"87,770,000"
"Oct 01, 1961",66.77,68.62,66.73,68.62,68.62,"72,980,000"
"Sep 01, 1961",68.19,68.46,65.77,66.73,66.73,"63,820,000"
"Aug 01, 1961",67.37,68.44,66.94,68.07,68.07,"81,490,000"
"Jul 01, 1961",65.21,66.76,64.41,66.76,66.76,"60,840,000"
"Jun 01, 1961",66.56,67.08,64.47,64.64,64.64,"73,090,000"
"May 01, 1961",65.17,67.39,65.17,66.56,66.56,"96,940,000"
"Apr 01, 1961",65.60,68.68,64.40,65.31,65.31,"101,760,000"
"Mar 01, 1961",63.43,65.06,63.38,65.06,65.06,"115,050,000"
"Feb 01, 1961",61.90,63.44,61.14,63.44,63.44,"92,730,000"
"Jan 01, 1961",57.57,61.97,57.57,61.78,61.78,"89,010,000"
"Dec 01, 1960",55.30,58.11,55.30,58.11,58.11,"77,330,000"
"Nov 01, 1960",53.94,56.43,53.94,55.54,55.54,"62,010,000"
"Oct 01, 1960",53.36,54.86,52.20,53.39,53.39,"54,370,000"
"Sep 01, 1960",57.09,57.09,52.48,53.52,53.52,"60,840,000"
"Aug 01, 1960",55.53,58.07,54.72,56.96,56.96,"65,330,000"
"Jul 01, 1960",57.06,57.38,54.17,55.51,55.51,"53,860,000"
"Jun 01, 1960",55.89,58.00,55.89,56.92,56.92,"76,480,000"
"May 01, 1960",54.13,55.83,54.13,55.83,55.83,"68,790,000"
"Apr 01, 1960",55.43,56.59,54.37,54.37,54.37,"57,300,000"
"Mar 01, 1960",56.01,56.01,53.47,55.34,55.34,"65,710,000"
"Feb 01, 1960",55.96,56.82,54.73,56.12,56.12,"60,500,000"
"Jan 01, 1960",59.91,60.39,55.61,55.61,55.61,"63,920,000"
"Dec 01, 1959",58.70,59.89,58.60,59.89,59.89,"72,210,000"
"Nov 01, 1959",57.41,58.28,56.22,58.28,58.28,"64,500,000"
"Oct 01, 1959",56.94,57.52,56.00,57.52,57.52,"61,330,000"
"Sep 01, 1959",58.87,58.92,55.14,56.88,56.88,"57,500,000"
"Aug 01, 1959",60.71,60.71,58.27,59.60,59.60,"51,050,000"
"Jul 01, 1959",58.97,60.62,58.91,60.51,60.51,"70,900,000"
"Jun 01, 1959",58.63,58.63,56.36,58.47,58.47,"64,310,000"
"May 01, 1959",57.65,58.68,56.88,58.68,58.68,"70,950,000"
"Apr 01, 1959",55.69,58.17,55.69,57.59,57.59,"75,840,000"
"Mar 01, 1959",55.73,56.67,55.44,55.44,55.44,"82,430,000"
"Feb 01, 1959",55.21,55.52,53.58,55.41,55.41,"65,790,000"
"Jan 01, 1959",55.44,56.04,54.89,55.45,55.45,"83,240,000"
"Dec 01, 1958",52.69,55.21,52.46,55.21,55.21,"75,940,000"
"Nov 01, 1958",51.56,53.24,51.02,52.48,52.48,"74,350,000"
"Oct 01, 1958",49.98,51.62,49.98,51.33,51.33,"95,020,000"
"Sep 01, 1958",48.00,50.06,47.97,50.06,50.06,"71,940,000"
"Aug 01, 1958",47.49,48.16,47.22,47.75,47.75,"62,300,000"
"Jul 01, 1958",45.28,47.19,45.11,47.19,47.19,"69,430,000"
"Jun 01, 1958",44.31,45.34,44.31,45.24,45.24,"56,610,000"
"May 01, 1958",43.54,44.09,43.12,44.09,44.09,"54,100,000"
"Apr 01, 1958",41.93,43.44,41.33,43.44,43.44,"50,270,000"
"Mar 01, 1958",41.13,42.58,41.13,42.10,42.10,"46,680,000"
"Feb 01, 1958",42.04,42.46,40.61,40.84,40.84,"40,190,000"
"Jan 01, 1958",40.33,41.88,40.33,41.70,41.70,"49,830,000"
"Dec 01, 1957",41.36,41.54,39.38,39.99,39.99,"54,440,000"
"Nov 01, 1957",40.44,41.72,39.44,41.72,41.72,"48,200,000"
"Oct 01, 1957",42.76,43.14,38.98,41.06,41.06,"63,960,000"
"Sep 01, 1957",45.44,45.44,42.42,42.42,42.42,"36,890,000"
"Aug 01, 1957",47.79,47.79,43.89,45.22,45.22,"41,390,000"
"Jul 01, 1957",47.43,49.13,47.43,47.91,47.91,"48,230,000"
"Jun 01, 1957",47.37,48.24,46.78,47.37,47.37,"43,470,000"
"May 01, 1957",46.02,47.43,46.02,47.43,47.43,"52,560,000"
"Apr 01, 1957",44.14,45.74,44.14,45.74,45.74,"48,290,000"
"Mar 01, 1957",43.74,44.23,43.74,44.11,44.11,"35,620,000"
"Feb 01, 1957",44.62,44.62,42.39,43.26,43.26,"37,530,000"
"Jan 01, 1957",46.20,46.66,44.40,44.72,44.72,"48,140,000"
"Dec 01, 1956",45.98,47.04,45.84,46.67,46.67,"46,330,000"
"Nov 01, 1956",46.52,47.60,44.38,45.08,45.08,"43,550,000"
"Oct 01, 1956",44.70,47.00,44.70,45.58,45.58,"40,300,000"
"Sep 01, 1956",47.89,48.10,45.35,45.35,45.35,"37,220,000"
"Aug 01, 1956",49.62,49.64,46.94,47.51,47.51,"44,450,000"
"Jul 01, 1956",46.93,49.48,46.93,49.39,49.39,"45,650,000"
"Jun 01, 1956",45.58,47.13,45.14,46.97,46.97,"37,180,000"
"May 01, 1956",48.16,48.51,44.10,45.20,45.20,"53,210,000"
"Apr 01, 1956",48.70,48.85,47.09,48.38,48.38,"54,100,000"
"Mar 01, 1956",45.54,48.87,45.54,48.48,48.48,"60,310,000"
"Feb 01, 1956",44.03,45.43,43.42,45.34,45.34,"46,370,000"
"Jan 01, 1956",45.16,45.16,43.11,43.82,43.82,"47,160,000"
"Dec 01, 1955",45.35,45.89,44.95,45.48,45.48,"50,990,000"
"Nov 01, 1955",42.28,46.41,42.28,45.51,45.51,"46,360,000"
"Oct 01, 1955",42.49,42.99,40.80,42.34,42.34,"42,150,000"
"Sep 01, 1955",43.37,45.63,42.61,43.67,43.67,"60,080,000"
"Aug 01, 1955",42.93,43.18,41.74,43.18,43.18,"41,800,000"
"Jul 01, 1955",41.19,43.76,41.19,43.52,43.52,"48,470,000"
"Jun 01, 1955",37.96,41.03,37.96,41.03,41.03,"58,120,000"
"May 01, 1955",38.04,38.04,36.97,37.91,37.91,"45,450,000"
"Apr 01, 1955",36.95,38.32,36.83,37.96,37.96,"53,790,000"
"Mar 01, 1955",36.83,37.52,34.96,36.58,36.58,"65,780,000"
"Feb 01, 1955",36.72,37.15,36.44,36.76,36.76,"60,810,000"
"Jan 01, 1955",36.75,36.75,34.58,36.63,36.63,"74,650,000"
"Dec 01, 1954",33.99,35.98,33.99,35.98,35.98,"76,480,000"
"Nov 01, 1954",31.79,34.55,31.79,34.24,34.24,"63,010,000"
"Oct 01, 1954",32.29,32.76,31.68,31.68,31.68,"44,170,000"
"Sep 01, 1954",30.04,32.69,30.04,32.31,32.31,"41,220,000"
"Aug 01, 1954",30.99,31.21,29.83,29.83,29.83,"56,900,000"
"Jul 01, 1954",29.21,30.88,29.21,30.88,30.88,"51,840,000"
"Jun 01, 1954",29.19,29.43,28.15,29.21,29.21,"42,230,000"
"May 01, 1954",28.21,29.19,28.21,29.19,29.19,"41,900,000"
"Apr 01, 1954",27.17,28.26,27.01,28.26,28.26,"43,500,000"
"Mar 01, 1954",26.25,26.94,26.25,26.94,26.94,"44,050,000"
"Feb 01, 1954",25.99,26.30,25.81,26.15,26.15,"33,260,000"
"Jan 01, 1954",24.95,26.09,24.80,26.08,26.08,"33,420,000"
"Dec 01, 1953",24.78,24.99,24.55,24.81,24.81,"36,150,000"
"Nov 01, 1953",24.66,24.76,24.25,24.76,24.76,"26,640,000"
"Oct 01, 1953",23.49,24.58,23.39,24.54,24.54,"25,710,000"
"Sep 01, 1953",23.42,23.65,22.71,23.35,23.35,"27,150,000"
"Aug 01, 1953",24.84,24.84,23.32,23.32,23.32,"23,890,000"
"Jul 01, 1953",24.24,24.75,24.07,24.75,24.75,"22,240,000"
"Jun 01, 1953",24.15,24.22,23.54,24.14,24.14,"26,080,000"
"May 01, 1953",24.73,25.06,24.46,24.54,24.54,"25,730,000"
"Apr 01, 1953",25.25,25.25,24.19,24.62,24.62,"34,370,000"
"Mar 01, 1953",25.93,26.33,25.29,25.29,25.29,"42,510,000"
"Feb 01, 1953",26.51,26.54,25.48,25.90,25.90,"30,170,000"
"Jan 01, 1953",26.54,26.66,25.86,26.38,26.38,"34,060,000"
"Dec 01, 1952",25.68,26.59,25.61,26.57,26.57,"40,480,000"
"Nov 01, 1952",24.60,25.66,24.60,25.66,25.66,"30,210,000"
"Oct 01, 1952",24.48,24.58,23.80,24.52,24.52,"25,940,000"
"Sep 01, 1952",25.15,25.25,24.45,24.54,24.54,"24,100,000"
"Aug 01, 1952",25.45,25.55,24.83,25.03,25.03,"20,890,000"
"Jul 01, 1952",25.12,25.40,24.81,25.40,25.40,"24,100,000"
"Jun 01, 1952",23.80,24.96,23.78,24.96,24.96,"25,530,000"
"May 01, 1952",23.17,23.94,23.17,23.86,23.86,"24,010,000"
"Apr 01, 1952",24.18,24.18,23.32,23.32,23.32,"28,880,000"
"Mar 01, 1952",23.28,24.37,23.28,24.37,24.37,"29,500,000"
"Feb 01, 1952",24.30,24.41,23.09,23.26,23.26,"27,190,000"
"Jan 01, 1952",23.80,24.66,23.74,24.14,24.14,"41,560,000"
"Dec 01, 1951",22.94,23.77,22.94,23.77,23.77,"34,610,000"
"Nov 01, 1951",23.10,23.10,22.30,22.88,22.88,"29,280,000"
"Oct 01, 1951",23.47,23.85,22.45,22.94,22.94,"42,930,000"
"Sep 01, 1951",23.28,23.71,23.26,23.26,23.26,"36,420,000"
"Aug 01, 1951",22.51,23.28,22.51,23.28,23.28,"33,630,000"
"Jul 01, 1951",21.10,22.63,21.10,22.40,22.40,"27,990,000"
"Jun 01, 1951",21.48,22.05,20.96,20.96,20.96,"36,220,000"
"May 01, 1951",22.53,22.81,21.03,21.52,21.52,"38,440,000"
"Apr 01, 1951",21.32,22.43,21.26,22.43,22.43,"37,790,000"
"Mar 01, 1951",21.85,21.95,21.25,21.40,21.40,"35,530,000"
"Feb 01, 1951",21.77,22.21,21.76,21.80,21.80,"41,210,000"
"Jan 01, 1951",20.77,21.74,20.69,21.66,21.66,"70,180,000"
"Dec 01, 1950",19.66,20.43,19.00,20.41,20.41,"60,830,000"
"Nov 01, 1950",19.56,20.32,19.36,19.51,19.51,"43,180,000"
"Oct 01, 1950",19.69,20.16,19.53,19.53,19.53,"48,360,000"
"Sep 01, 1950",18.55,19.45,18.54,19.45,19.45,"38,590,000"
"Aug 01, 1950",18.02,18.82,17.95,18.42,18.42,"38,900,000"
"Jul 01, 1950",17.64,17.91,16.68,17.84,17.84,"44,570,000"
"Jun 01, 1950",18.77,19.40,17.44,17.69,17.69,"45,660,000"
"May 01, 1950",18.22,18.78,18.11,18.78,18.78,"45,080,000"
"Apr 01, 1950",17.34,18.07,17.34,18.07,18.07,"48,250,000"
"Mar 01, 1950",17.24,17.61,17.07,17.29,17.29,"40,410,000"
"Feb 01, 1950",17.05,17.35,16.99,17.22,17.22,"33,430,000"
"Jan 01, 1950",16.66,17.09,16.65,17.05,17.05,"42,570,000"
"Dec 01, 1949",16.15,16.79,16.15,16.79,16.79,-
"Nov 01, 1949",16.20,16.33,15.75,16.06,16.06,-
"Oct 01, 1949",15.60,16.15,15.60,16.04,16.04,-
"Sep 01, 1949",15.31,15.74,15.19,15.58,15.58,-
"Aug 01, 1949",15.12,15.51,15.12,15.22,15.22,-
"Jul 01, 1949",14.26,15.06,14.26,15.04,15.04,-
"Jun 01, 1949",14.14,14.16,13.55,14.16,14.16,-
"May 01, 1949",14.78,15.02,14.19,14.19,14.19,-
"Apr 01, 1949",14.94,15.07,14.68,14.71,14.71,-
"Mar 01, 1949",14.71,15.22,14.65,15.06,15.06,-
"Feb 01, 1949",15.34,15.35,14.38,14.62,14.62,-
"Jan 01, 1949",14.95,15.61,14.95,15.22,15.22,-
"Dec 01, 1948",15.01,15.33,15.00,15.20,15.20,-
"Nov 01, 1948",16.70,16.70,14.75,14.75,14.75,-
"Oct 01, 1948",15.67,16.61,15.67,16.50,16.50,-
"Sep 01, 1948",16.16,16.35,15.19,15.49,15.49,-
"Aug 01, 1948",15.85,16.15,15.67,15.97,15.97,-
"Jul 01, 1948",16.70,16.92,15.72,15.85,15.85,-
"Jun 01, 1948",16.74,17.06,16.54,16.74,16.74,-
"May 01, 1948",15.60,16.69,15.50,16.69,16.69,-
"Apr 01, 1948",15.12,15.78,15.12,15.48,15.48,-
"Mar 01, 1948",14.07,15.08,13.84,15.08,15.08,-
"Feb 01, 1948",14.71,14.71,13.85,13.93,13.93,-
"Jan 01, 1948",15.34,15.34,14.32,14.68,14.68,-
"Dec 01, 1947",15.07,15.30,14.63,15.30,15.30,-
"Nov 01, 1947",15.46,15.46,14.98,14.98,14.98,-
"Oct 01, 1947",15.16,15.79,15.16,15.43,15.43,-
"Sep 01, 1947",15.37,15.37,14.85,15.11,15.11,-
"Aug 01, 1947",15.80,15.80,15.22,15.32,15.32,-
"Jul 01, 1947",15.46,16.12,15.44,15.76,15.76,-
"Jun 01, 1947",14.30,15.24,14.30,15.21,15.21,-
"May 01, 1947",14.69,14.85,13.77,14.45,14.45,-
"Apr 01, 1947",15.23,15.23,14.09,14.58,14.58,-
"Mar 01, 1947",15.41,15.65,14.78,15.17,15.17,-
"Feb 01, 1947",15.80,16.14,15.30,15.43,15.43,-
"Jan 01, 1947",15.20,15.66,14.77,15.66,15.66,-
"Dec 01, 1946",14.44,15.50,14.44,15.30,15.30,-
"Nov 01, 1946",15.07,15.33,14.13,14.68,14.68,-
"Oct 01, 1946",14.92,15.30,14.12,14.84,14.84,-
"Sep 01, 1946",15.00,15.99,14.33,14.96,14.96,-
"Aug 01, 1946",18.01,18.23,16.65,16.65,16.65,-
"Jul 01, 1946",18.54,18.54,17.39,17.96,17.96,-
"Jun 01, 1946",19.05,19.05,18.03,18.43,18.43,-
"May 01, 1946",18.71,19.25,18.26,19.18,19.18,-
"Apr 01, 1946",18.06,18.90,18.06,18.76,18.76,-
"Mar 01, 1946",17.21,18.07,17.09,18.04,18.04,-
"Feb 01, 1946",18.64,18.70,16.81,17.28,17.28,-
"Jan 01, 1946",17.25,18.67,17.23,18.57,18.57,-
"Dec 01, 1945",17.44,17.68,16.94,17.36,17.36,-
"Nov 01, 1945",16.87,17.27,16.85,17.19,17.19,-
"Oct 01, 1945",16.33,16.72,16.30,16.65,16.65,-
"Sep 01, 1945",15.51,16.05,15.51,16.05,16.05,-
"Aug 01, 1945",14.68,15.51,14.40,15.51,15.51,-
"Jul 01, 1945",15.03,15.10,14.38,14.66,14.66,-
"Jun 01, 1945",15.03,15.37,14.87,14.87,14.87,-
"May 01, 1945",14.79,15.11,14.62,15.01,15.01,-
"Apr 01, 1945",13.77,14.84,13.67,14.84,14.84,-
"Mar 01, 1945",14.32,14.38,13.39,13.61,13.61,-
"Feb 01, 1945",13.50,14.30,13.50,14.30,14.30,-
"Jan 01, 1945",13.33,13.69,13.21,13.47,13.47,-
"Dec 01, 1944",12.80,13.28,12.80,13.28,13.28,-
"Nov 01, 1944",12.83,12.98,12.67,12.83,12.83,-
"Oct 01, 1944",12.80,13.07,12.73,12.78,12.78,-
"Sep 01, 1944",12.86,12.86,12.35,12.74,12.74,-
"Aug 01, 1944",12.78,13.04,12.61,12.82,12.82,-
"Jul 01, 1944",13.11,13.27,12.70,12.71,12.71,-
"Jun 01, 1944",12.31,13.02,12.23,12.98,12.98,-
"May 01, 1944",11.96,12.35,11.95,12.35,12.35,-
"Apr 01, 1944",11.96,12.06,11.67,11.87,11.87,-
"Mar 01, 1944",11.87,12.31,11.87,12.02,12.02,-
"Feb 01, 1944",11.83,11.89,11.56,11.82,11.82,-
"Jan 01, 1944",11.66,11.94,11.66,11.85,11.85,-
"Dec 01, 1943",11.13,11.69,11.13,11.67,11.67,-
"Nov 01, 1943",11.92,11.92,10.99,11.02,11.02,-
"Oct 01, 1943",12.09,12.09,11.67,11.91,11.91,-
"Sep 01, 1943",11.84,12.24,11.78,12.08,12.08,-
"Aug 01, 1943",11.47,11.92,11.47,11.80,11.80,-
"Jul 01, 1943",12.36,12.64,11.85,11.85,11.85,-
"Jun 01, 1943",12.18,12.35,11.88,12.35,12.35,-
"May 01, 1943",11.82,12.05,11.70,12.05,12.05,-
"Apr 01, 1943",11.59,11.76,11.14,11.59,11.59,-
"Mar 01, 1943",10.92,11.59,10.84,11.58,11.58,-
"Feb 01, 1943",10.52,10.97,10.43,10.97,10.97,-
"Jan 01, 1943",9.92,10.44,9.89,10.44,10.44,-
"Dec 01, 1942",9.28,9.77,9.28,9.77,9.77,-
"Nov 01, 1942",9.48,9.69,9.29,9.29,9.29,-
"Oct 01, 1942",8.92,9.48,8.92,9.36,9.36,-
"Sep 01, 1942",8.62,8.90,8.54,8.85,8.85,-
"Aug 01, 1942",8.57,8.73,8.46,8.62,8.62,-
"Jul 01, 1942",8.23,8.83,8.23,8.56,8.56,-
"Jun 01, 1942",8.19,8.53,8.18,8.30,8.30,-
"May 01, 1942",7.71,8.18,7.71,8.15,8.15,-
"Apr 01, 1942",8.05,8.20,7.47,7.66,7.66,-
"Mar 01, 1942",8.47,8.60,7.98,8.01,8.01,-
"Feb 01, 1942",8.84,8.97,8.46,8.59,8.59,-
"Jan 01, 1942",8.89,9.09,8.81,8.85,8.85,-
"Dec 01, 1941",9.07,9.38,8.37,8.69,8.69,-
"Nov 01, 1941",9.59,9.66,9.12,9.12,9.12,-
"Oct 01, 1941",10.17,10.17,9.50,9.50,9.50,-
"Sep 01, 1941",10.34,10.47,10.09,10.20,10.20,-
"Aug 01, 1941",10.34,10.36,10.03,10.28,10.28,-
"Jul 01, 1941",9.82,10.47,9.82,10.39,10.39,-
"Jun 01, 1941",9.36,9.95,9.36,9.85,9.85,-
"May 01, 1941",9.30,9.56,9.30,9.38,9.38,-
"Apr 01, 1941",9.97,10.16,9.31,9.31,9.31,-
"Mar 01, 1941",9.77,10.10,9.76,9.96,9.96,-
"Feb 01, 1941",9.96,10.19,9.53,9.92,9.92,-
"Jan 01, 1941",10.48,10.86,10.04,10.07,10.07,-
"Dec 01, 1940",10.62,10.69,10.38,10.58,10.58,-
"Nov 01, 1940",11.08,11.39,10.56,10.57,10.57,-
"Oct 01, 1940",10.81,11.08,10.47,11.08,11.08,-
"Sep 01, 1940",10.56,10.93,10.30,10.66,10.66,-
"Aug 01, 1940",10.26,10.50,9.84,10.50,10.50,-
"Jul 01, 1940",9.87,10.33,9.85,10.29,10.29,-
"Jun 01, 1940",9.11,10.10,8.99,9.98,9.98,-
"May 01, 1940",12.03,12.12,9.14,9.27,9.27,-
"Apr 01, 1940",12.21,12.59,12.04,12.19,12.19,-
"Mar 01, 1940",12.06,12.27,12.00,12.18,12.18,-
"Feb 01, 1940",12.05,12.37,12.04,12.13,12.13,-
"Jan 01, 1940",12.63,12.77,12.05,12.05,12.05,-
"Dec 01, 1939",12.29,12.46,12.19,12.46,12.46,-
"Nov 01, 1939",12.82,12.95,12.20,12.20,12.20,-
"Oct 01, 1939",12.88,13.21,12.73,12.83,12.83,-
"Sep 01, 1939",11.30,13.17,11.30,12.79,12.79,-
"Aug 01, 1939",12.04,12.16,10.86,11.18,11.18,-
"Jul 01, 1939",11.00,12.18,11.00,12.04,12.04,-
"Jun 01, 1939",11.42,11.80,10.79,10.86,10.86,-
"May 01, 1939",10.86,11.65,10.86,11.60,11.60,-
"Apr 01, 1939",11.26,11.26,10.42,10.93,10.93,-
"Mar 01, 1939",12.70,13.10,10.98,10.98,10.98,-
"Feb 01, 1939",12.12,12.70,12.12,12.70,12.70,-
"Jan 01, 1939",13.08,13.23,11.53,12.30,12.30,-
"Dec 01, 1938",12.61,13.14,12.32,13.14,13.14,-
"Nov 01, 1938",13.10,13.79,12.37,12.73,12.73,-
"Oct 01, 1938",12.52,13.91,12.48,13.17,13.17,-
"Sep 01, 1938",11.92,12.41,10.99,12.24,12.24,-
"Aug 01, 1938",12.25,12.73,11.85,12.06,12.06,-
"Jul 01, 1938",11.91,12.80,11.73,12.33,12.33,-
"Jun 01, 1938",9.57,11.72,9.42,11.56,11.56,-
"May 01, 1938",9.59,10.63,9.27,9.27,9.27,-
"Apr 01, 1938",8.91,10.45,8.91,9.78,9.78,-
"Mar 01, 1938",11.46,11.46,8.50,8.50,8.50,-
"Feb 01, 1938",10.89,11.68,10.34,11.34,11.34,-
"Jan 01, 1938",10.52,11.95,10.52,10.69,10.69,-
"Dec 01, 1937",10.97,11.42,10.31,10.55,10.55,-
"Nov 01, 1937",12.08,12.08,10.17,11.11,11.11,-
"Oct 01, 1937",13.72,13.72,10.76,12.35,12.35,-
"Sep 01, 1937",15.61,15.61,13.20,13.76,13.76,-
"Aug 01, 1937",17.07,17.27,15.88,16.04,16.04,-
"Jul 01, 1937",15.47,17.06,15.47,16.77,16.77,-
"Jun 01, 1937",15.96,16.28,15.12,15.40,15.40,-
"May 01, 1937",16.47,16.73,15.62,16.26,16.26,-
"Apr 01, 1937",17.71,17.71,15.99,16.43,16.43,-
"Mar 01, 1937",18.09,18.67,17.22,17.92,17.92,-
"Feb 01, 1937",17.88,18.37,17.86,18.06,18.06,-
"Jan 01, 1937",16.93,17.96,16.93,17.77,17.77,-
"Dec 01, 1936",17.14,17.32,16.65,17.18,17.18,-
"Nov 01, 1936",17.17,17.69,16.89,17.28,17.28,-
"Oct 01, 1936",16.04,17.23,16.04,17.23,17.23,-
"Sep 01, 1936",15.95,16.29,15.00,16.01,16.01,-
"Aug 01, 1936",15.91,16.20,15.32,15.99,15.99,-
"Jul 01, 1936",14.90,16.15,14.81,15.85,15.85,-
"Jun 01, 1936",14.39,15.16,14.12,14.84,14.84,-
"May 01, 1936",13.87,14.45,13.82,14.40,14.40,-
"Apr 01, 1936",15.19,15.51,13.53,13.77,13.77,-
"Mar 01, 1936",14.77,15.10,14.24,14.92,14.92,-
"Feb 01, 1936",14.44,14.87,14.32,14.60,14.60,-
"Jan 01, 1936",13.40,14.31,13.40,14.31,14.31,-
"Dec 01, 1935",12.75,13.43,12.75,13.43,13.43,-
"Nov 01, 1935",12.61,13.46,12.61,12.94,12.94,-
"Oct 01, 1935",11.48,12.46,11.10,12.46,12.46,-
"Sep 01, 1935",11.21,11.92,11.21,11.59,11.59,-
"Aug 01, 1935",11.04,11.67,10.62,11.24,11.24,-
"Jul 01, 1935",10.28,11.08,10.28,11.08,11.08,-
"Jun 01, 1935",9.67,10.47,9.67,10.24,10.24,-
"May 01, 1935",9.23,10.07,9.15,9.58,9.58,-
"Apr 01, 1935",8.54,9.44,8.22,9.28,9.28,-
"Mar 01, 1935",8.79,8.79,8.06,8.45,8.45,-
"Feb 01, 1935",9.05,9.34,8.74,8.74,8.74,-
"Jan 01, 1935",9.51,9.58,8.96,9.10,9.10,-
"Dec 01, 1934",9.41,9.56,9.02,9.50,9.50,-
"Nov 01, 1934",8.77,9.54,8.77,9.54,9.54,-
"Oct 01, 1934",8.83,9.19,8.76,8.81,8.81,-
"Sep 01, 1934",9.06,9.21,8.45,9.08,9.08,-
"Aug 01, 1934",8.95,9.52,8.69,9.15,9.15,-
"Jul 01, 1934",9.69,9.99,8.36,8.68,8.68,-
"Jun 01, 1934",9.38,10.37,9.38,9.81,9.81,-
"May 01, 1934",10.46,10.46,9.45,9.61,9.61,-
"Apr 01, 1934",10.76,11.16,10.46,10.46,10.46,-
"Mar 01, 1934",10.72,11.07,10.42,10.62,10.62,-
"Feb 01, 1934",11.46,11.82,10.69,10.76,10.76,-
"Jan 01, 1934",10.11,11.33,9.76,11.17,11.17,-
"Dec 01, 1933",9.91,10.31,9.55,9.97,9.97,-
"Nov 01, 1933",9.12,10.23,9.12,9.88,9.88,-
"Oct 01, 1933",9.62,10.32,8.61,8.96,8.96,-
"Sep 01, 1933",11.23,11.23,9.65,9.72,9.72,-
"Aug 01, 1933",10.25,11.28,10.05,11.09,11.09,-
"Jul 01, 1933",11.62,12.20,9.65,9.95,9.95,-
"Jun 01, 1933",9.74,10.98,9.74,10.91,10.91,-
"May 01, 1933",8.43,9.78,8.34,9.64,9.64,-
"Apr 01, 1933",5.87,7.91,5.87,7.83,7.83,-
"Mar 01, 1933",5.77,6.93,5.65,5.85,5.85,-
"Feb 01, 1933",6.67,6.76,5.53,5.66,5.66,-
"Jan 01, 1933",6.83,7.34,6.83,6.94,6.94,-
"Dec 01, 1932",6.73,7.12,6.47,6.92,6.92,-
"Nov 01, 1932",6.76,7.68,6.48,6.55,6.55,-
"Oct 01, 1932",8.06,8.06,6.42,6.96,6.96,-
"Sep 01, 1932",8.47,9.31,7.34,8.08,8.08,-
"Aug 01, 1932",6.11,8.58,5.87,8.39,8.39,-
"Jul 01, 1932",4.60,6.03,4.41,6.03,6.03,-
"Jun 01, 1932",4.40,5.12,4.40,4.43,4.43,-
"May 01, 1932",5.74,6.09,4.47,4.47,4.47,-
"Apr 01, 1932",7.18,7.18,5.83,5.83,5.83,-
"Mar 01, 1932",8.35,8.98,7.31,7.31,7.31,-
"Feb 01, 1932",8.23,8.84,7.50,8.29,8.29,-
"Jan 01, 1932",7.56,8.92,7.55,7.94,7.94,-
"Dec 01, 1931",9.38,9.38,7.72,8.12,8.12,-
"Nov 01, 1931",10.50,11.52,9.31,9.50,9.50,-
"Oct 01, 1931",9.53,10.96,8.82,10.43,10.43,-
"Sep 01, 1931",13.92,13.92,9.71,9.71,9.71,-
"Aug 01, 1931",13.93,14.29,13.55,13.86,13.86,-
"Jul 01, 1931",15.07,15.26,13.73,13.73,13.73,-
"Jun 01, 1931",12.40,15.35,12.20,14.83,14.83,-
"May 01, 1931",14.65,15.44,13.02,13.02,13.02,-
"Apr 01, 1931",16.52,16.72,14.37,15.09,15.09,-
"Mar 01, 1931",17.52,18.06,16.66,16.69,16.69,-
"Feb 01, 1931",16.16,18.17,16.16,18.03,18.03,-
"Jan 01, 1931",15.85,16.42,15.09,16.19,16.19,-
"Dec 01, 1930",16.80,16.96,14.44,15.34,15.34,-
"Nov 01, 1930",17.13,17.20,15.54,16.38,16.38,-
"Oct 01, 1930",19.42,19.42,16.90,16.94,16.94,-
"Sep 01, 1930",21.38,21.86,18.59,18.59,18.59,-
"Aug 01, 1930",21.11,21.52,19.88,21.37,21.37,-
"Jul 01, 1930",20.24,21.82,19.83,21.21,21.21,-
"Jun 01, 1930",24.40,24.40,19.39,20.46,20.46,-
"May 01, 1930",24.30,24.57,22.98,24.49,24.49,-
"Apr 01, 1930",25.37,25.92,24.73,24.90,24.90,-
"Mar 01, 1930",23.36,24.85,23.36,24.15,24.15,-
"Feb 01, 1930",22.74,23.36,22.64,23.28,23.28,-
"Jan 01, 1930",21.18,22.79,21.18,22.79,22.79,-
"Dec 01, 1929",20.95,22.57,20.16,21.45,21.45,-
"Nov 01, 1929",22.88,22.88,17.66,20.92,20.92,-
"Oct 01, 1929",29.98,30.81,20.43,24.15,24.15,-
"Sep 01, 1929",31.82,31.86,30.16,30.16,30.16,-
"Aug 01, 1929",29.08,31.71,28.38,31.71,31.71,-
"Jul 01, 1929",27.77,28.88,27.77,28.88,28.88,-
"Jun 01, 1929",25.27,27.41,25.27,27.41,27.41,-
"May 01, 1929",25.99,26.37,24.20,24.83,24.83,-
"Apr 01, 1929",24.88,25.94,24.63,25.94,25.94,-
"Mar 01, 1929",25.83,26.08,24.35,25.53,25.53,-
"Feb 01, 1929",25.84,25.84,24.35,25.59,25.59,-
"Jan 01, 1929",24.81,25.74,24.17,25.74,25.74,-
"Dec 01, 1928",23.85,24.35,22.31,24.35,24.35,-
"Nov 01, 1928",21.99,24.28,21.95,24.28,24.28,-
"Oct 01, 1928",21.36,22.00,21.11,21.68,21.68,-
"Sep 01, 1928",20.97,21.43,20.92,21.14,21.14,-
"Aug 01, 1928",19.42,20.87,19.13,20.87,20.87,-
"Jul 01, 1928",18.98,19.48,18.70,19.43,19.43,-
"Jun 01, 1928",20.07,20.07,18.34,19.14,19.14,-
"May 01, 1928",19.78,20.44,19.36,20.00,20.00,-
"Apr 01, 1928",18.91,19.75,18.91,19.75,19.75,-
"Mar 01, 1928",17.30,19.28,17.30,19.28,19.28,-
"Feb 01, 1928",17.53,17.63,16.95,17.26,17.26,-
"Jan 01, 1928",17.76,17.76,17.26,17.57,17.57,-
"Dec 01, 1927",17.66,17.66,17.66,17.66,17.66,-
*Close price adjusted for splits.**Adjusted close price adjusted for both dividends and splits.,,,,,,
